listing_id,fold
B0002711,1
B0012825,4
B0013895,4
B0021501,5
B0008808,5
B0021255,5
B0012289,3
B0019590,3
B0009444,1
B0016209,5
B0010088,4
B0000336,4
B0006645,2
B0003818,4
B0006395,1
B0017912,2
B0014647,5
B0020036,1
B0011314,3
B0011694,1
B0003742,4
B0002064,4
B0005269,4
B0009301,1
B0001179,3
B0001842,3
B0016841,2
B0020500,4
B0013598,4
B0016775,2
B0021453,2
B0020277,1
B0020242,3
B0020047,2
B0000299,5
B0007269,4
B0003206,4
B0003551,1
B0012594,4
B0002575,3
B0013392,4
B0004690,1
B0018467,4
B0002426,2
B0013568,2
B0001205,1
B0012995,4
B0011183,2
B0018110,1
B0020501,3
B0021708,1
B0003753,2
B0003871,3
B0009913,4
B0002851,5
B0003405,5
B0010917,3
B0001951,2
B0019840,1
B0004702,2
B0020913,4
B0001207,1
B0020305,2
B0005017,2
B0012477,5
B0002828,1
B0000343,5
B0016809,3
B0011720,3
B0014245,1
B0017779,2
B0009107,2
B0015563,4
B0019762,1
B0002451,4
B0014061,2
B0019780,2
B0019922,5
B0013342,4
B0017106,1
B0009789,1
B0012607,3
B0000607,3
B0016982,3
B0015815,1
B0006698,3
B0006915,2
B0020056,1
B0017363,1
B0016523,4
B0018896,2
B0021208,1
B0008157,2
B0001930,1
B0013632,5
B0020709,1
B0005094,1
B0005918,4
B0021007,5
B0003722,3
B0005765,1
B0012326,1
B0002098,2
B0005959,3
B0007366,3
B0018393,4
B0014253,1
B0015656,1
B0003036,2
B0009706,2
B0011195,2
B0003143,3
B0016439,3
B0010391,2
B0005760,5
B0003932,3
B0010379,5
B0007205,5
B0021683,3
B0004491,5
B0010127,2
B0020031,1
B0021380,2
B0012017,3
B0012796,2
B0003470,5
B0019055,5
B0004673,5
B0000722,4
B0008716,4
B0001342,5
B0019123,1
B0021366,1
B0018895,5
B0009696,2
B0007603,2
B0004439,3
B0019960,5
B0003839,3
B0000122,3
B0004079,4
B0002618,3
B0007007,2
B0011300,5
B0010890,2
B0000332,4
B0012610,5
B0004640,4
B0005788,4
B0012173,2
B0011078,3
B0007713,2
B0018361,3
B0000797,4
B0002434,5
B0016354,3
B0001911,1
B0009118,1
B0005312,4
B0000556,3
B0012036,5
B0013519,5
B0017746,4
B0022033,4
B0006830,5
B0016406,4
B0004014,3
B0002917,1
B0017057,1
B0003475,1
B0016381,3
B0006531,4
B0012839,2
B0004869,3
B0014543,3
B0021465,3
B0002646,1
B0015924,1
B0000568,2
B0003416,1
B0019919,3
B0001960,2
B0003310,3
B0010826,2
B0020562,2
B0022199,1
B0008646,4
B0002512,3
B0001158,1
B0011911,5
B0000920,5
B0007272,3
B0003763,2
B0013020,3
B0015011,3
B0006081,2
B0011279,1
B0010429,5
B0008631,1
B0007807,1
B0012561,5
B0003449,5
B0006603,5
B0001221,2
B0020457,4
B0022120,3
B0013570,5
B0021000,4
B0019587,1
B0015549,2
B0014548,2
B0015360,3
B0021808,3
B0019926,4
B0005644,3
B0010078,4
B0003865,1
B0012208,1
B0011853,3
B0010410,2
B0007856,3
B0017188,1
B0011910,1
B0006049,5
B0005990,5
B0004363,5
B0004310,4
B0015785,2
B0021753,1
B0008826,2
B0016356,1
B0020254,1
B0020209,5
B0007139,1
B0007987,3
B0013304,5
B0008023,4
B0022198,4
B0000174,2
B0021682,1
B0006429,2
B0017616,5
B0012866,5
B0005233,4
B0020028,4
B0001078,1
B0009219,3
B0000521,1
B0014485,1
B0006638,5
B0021976,4
B0009418,1
B0001350,2
B0020207,5
B0004511,1
B0004160,5
B0014086,3
B0020680,2
B0015670,3
B0005858,1
B0018668,5
B0001251,4
B0020533,5
B0001415,1
B0012277,3
B0019255,1
B0015405,3
B0001944,1
B0019583,2
B0019930,4
B0000130,3
B0015132,4
B0013423,2
B0021697,4
B0013375,2
B0019790,4
B0007594,3
B0011846,4
B0021090,3
B0005569,2
B0016662,5
B0007365,4
B0017461,4
B0006121,3
B0015150,4
B0022099,5
B0004198,1
B0013564,2
B0019998,2
B0012672,3
B0014846,2
B0002760,1
B0016658,2
B0017662,2
B0005841,4
B0001823,2
B0003409,1
B0018016,2
B0004917,2
B0021012,3
B0007700,3
B0012043,5
B0011939,5
B0015005,2
B0005163,2
B0015214,3
B0012083,4
B0000409,2
B0011684,1
B0020460,3
B0013474,4
B0011269,4
B0017028,3
B0009601,4
B0000460,3
B0022374,2
B0017483,4
B0019987,4
B0002683,1
B0019285,1
B0002191,5
B0004892,1
B0020687,1
B0020413,1
B0019109,1
B0011822,2
B0006761,3
B0006034,5
B0020996,3
B0006958,4
B0013092,3
B0015568,3
B0014036,1
B0016053,1
B0021133,1
B0004194,5
B0008859,2
B0008474,5
B0005040,4
B0021127,1
B0007546,4
B0012934,5
B0008644,3
B0016080,4
B0000804,2
B0011996,5
B0019594,1
B0004201,1
B0008889,3
B0021213,2
B0000574,2
B0004805,1
B0003171,4
B0002406,3
B0000845,1
B0020904,3
B0011015,3
B0008450,5
B0016575,3
B0014711,4
B0018787,3
B0003534,4
B0004551,5
B0022183,4
B0013260,5
B0016787,4
B0019487,3
B0017489,2
B0015920,3
B0020434,4
B0011734,4
B0006076,2
B0009337,4
B0008272,1
B0003157,4
B0013557,5
B0020734,1
B0017475,4
B0000297,1
B0013935,5
B0018576,1
B0012234,1
B0009271,3
B0011711,3
B0011029,5
B0008945,5
B0015933,3
B0010023,2
B0008312,5
B0002073,3
B0020226,4
B0004568,5
B0000374,4
B0011273,1
B0010397,4
B0005973,5
B0012342,3
B0017625,3
B0018267,4
B0002995,4
B0001345,4
B0012352,1
B0019035,3
B0011646,4
B0012801,5
B0010880,4
B0016687,4
B0009656,4
B0009828,1
B0017362,4
B0003199,2
B0015012,2
B0007528,5
B0022412,3
B0014308,2
B0000852,2
B0004556,2
B0004998,5
B0001492,1
B0011087,5
B0018900,2
B0015025,1
B0006213,2
B0004384,3
B0014348,4
B0002030,1
B0012018,2
B0007504,4
B0016856,2
B0006297,1
B0006388,3
B0009329,4
B0020768,1
B0018255,3
B0021384,2
B0021965,1
B0005907,3
B0015657,1
B0011923,2
B0022284,2
B0022479,4
B0003793,4
B0005289,3
B0019550,2
B0001041,4
B0019047,1
B0004696,2
B0001916,1
B0001500,4
B0014984,3
B0015623,3
B0005132,3
B0014110,2
B0015767,2
B0018237,4
B0007158,5
B0021028,4
B0012389,1
B0008355,4
B0013615,3
B0016541,4
B0016309,3
B0007233,2
B0006775,3
B0007858,4
B0007844,1
B0011585,5
B0020394,5
B0009399,1
B0013855,1
B0010969,5
B0020524,2
B0015875,1
B0008821,1
B0006271,5
B0003156,4
B0015526,1
B0001424,5
B0002333,1
B0019423,2
B0020799,3
B0019814,4
B0007658,4
B0006328,3
B0019213,3
B0020396,2
B0000736,1
B0004028,1
B0021372,5
B0016607,2
B0022226,3
B0022250,1
B0018072,5
B0005663,2
B0009201,3
B0015922,3
B0018472,1
B0010654,2
B0001038,2
B0005296,5
B0021313,1
B0011791,1
B0008588,5
B0009164,1
B0019847,5
B0016697,1
B0014943,1
B0008316,2
B0020572,3
B0005995,1
B0002730,5
B0021452,1
B0021257,5
B0011467,5
B0018395,4
B0015604,4
B0017594,3
B0019792,3
B0007218,1
B0002641,4
B0012053,4
B0010755,4
B0010510,4
B0019682,5
B0019167,5
B0005323,5
B0014956,4
B0004135,2
B0010620,2
B0013003,4
B0021447,2
B0015552,2
B0005934,3
B0002401,2
B0008756,1
B0011108,1
B0019945,5
B0000924,5
B0005808,1
B0004664,5
B0003576,3
B0008711,4
B0011617,4
B0012834,1
B0018177,1
B0008877,4
B0017473,4
B0012726,1
B0003670,1
B0002457,1
B0015577,1
B0013212,3
B0001480,4
B0022282,2
B0012020,1
B0015297,2
B0018474,4
B0016501,3
B0009642,2
B0011177,5
B0005352,4
B0015224,1
B0008061,5
B0009675,5
B0004732,2
B0005458,2
B0001739,2
B0003166,2
B0019871,3
B0019170,5
B0002220,2
B0018445,4
B0007432,4
B0000371,1
B0001445,5
B0009644,4
B0002280,1
B0005096,2
B0015951,3
B0007343,3
B0007772,5
B0021225,4
B0006852,2
B0017703,4
B0021487,2
B0005761,1
B0002539,1
B0010041,3
B0002031,4
B0008572,2
B0014924,4
B0001134,4
B0019815,1
B0006643,4
B0017550,3
B0014129,5
B0014699,2
B0007177,4
B0017047,2
B0016897,1
B0014814,5
B0006371,1
B0011976,2
B0007275,5
B0011895,1
B0002772,2
B0009367,5
B0007385,2
B0004776,5
B0002643,4
B0004646,4
B0002229,1
B0010346,3
B0014782,2
B0022003,4
B0002524,3
B0007610,5
B0016458,3
B0022194,3
B0020154,4
B0004832,1
B0003316,2
B0009298,1
B0015700,5
B0008679,1
B0009871,1
B0003803,2
B0004764,2
B0018545,4
B0007414,4
B0019344,4
B0002079,4
B0012628,4
B0019795,2
B0020798,4
B0006923,5
B0000464,2
B0010581,2
B0015666,5
B0017785,3
B0016325,2
B0016950,2
B0008276,1
B0012295,3
B0011098,2
B0005470,5
B0001653,5
B0001718,3
B0005786,3
B0020098,4
B0003216,3
B0001114,4
B0001546,2
B0020932,2
B0008255,2
B0007144,2
B0002223,3
B0003436,2
B0014576,3
B0018442,5
B0009704,3
B0019098,4
B0016388,2
B0010082,5
B0010650,3
B0016912,3
B0001642,5
B0022197,5
B0020995,3
B0021389,3
B0004879,2
B0016431,5
B0000560,1
B0021104,5
B0009129,3
B0019709,5
B0007723,1
B0011529,2
B0014777,2
B0002423,2
B0011514,3
B0002834,1
B0011773,3
B0004649,1
B0011118,3
B0017051,4
B0018726,4
B0013166,3
B0004518,5
B0018167,4
B0018852,2
B0006257,2
B0021083,4
B0006157,2
B0019503,3
B0005045,3
B0011784,1
B0018974,4
B0007973,5
B0018614,5
B0013083,3
B0021466,1
B0017922,4
B0010086,4
B0012864,4
B0016524,2
B0006510,1
B0014914,4
B0021851,3
B0000410,5
B0010342,2
B0020377,1
B0001115,1
B0001745,5
B0006615,4
B0007584,4
B0010668,5
B0005152,5
B0019206,2
B0003542,3
B0015553,2
B0019032,2
B0021300,5
B0022138,5
B0002303,2
B0003926,3
B0002025,4
B0003061,3
B0021822,5
B0016918,3
B0014009,2
B0015433,2
B0001859,5
B0011325,1
B0002966,1
B0004088,4
B0007719,1
B0010746,1
B0008663,4
B0021134,3
B0014679,5
B0019080,2
B0017071,1
B0015069,1
B0004406,3
B0021876,2
B0018984,1
B0007836,1
B0009048,1
B0014605,4
B0003638,4
B0019342,2
B0001857,1
B0017692,5
B0017652,4
B0018537,1
B0003683,1
B0022370,2
B0018991,3
B0019681,3
B0009989,5
B0020217,1
B0022491,4
B0004627,1
B0006259,1
B0004737,2
B0018846,5
B0012755,4
B0010786,5
B0015045,5
B0009715,5
B0013434,3
B0004327,4
B0005278,1
B0010163,5
B0019612,5
B0007703,2
B0003285,3
B0006135,4
B0013262,2
B0001063,4
B0019634,4
B0008269,2
B0013828,2
B0002331,5
B0010886,3
B0013613,1
B0008211,2
B0008012,4
B0010522,1
B0021054,2
B0004208,4
B0003558,4
B0015121,5
B0015995,2
B0009105,4
B0014211,3
B0002203,5
B0012117,1
B0004264,2
B0021820,1
B0014659,3
B0016502,2
B0017079,2
B0002032,5
B0011863,2
B0010422,4
B0013035,2
B0018236,2
B0014562,2
B0004679,2
B0000830,1
B0022154,1
B0016717,4
B0008685,5
B0016370,5
B0015774,3
B0014135,3
B0015811,3
B0020639,4
B0021804,3
B0015028,4
B0020672,5
B0002444,5
B0004140,4
B0006198,5
B0001146,4
B0016150,5
B0001256,1
B0009089,2
B0022262,5
B0010849,2
B0016130,5
B0013868,1
B0017756,2
B0008448,1
B0015420,4
B0014730,2
B0016737,1
B0014256,3
B0013602,4
B0008721,3
B0022337,1
B0009738,3
B0008195,2
B0004387,4
B0002841,5
B0009528,2
B0018799,2
B0001407,4
B0018025,4
B0021836,5
B0000639,1
B0019446,5
B0022240,5
B0015220,4
B0014800,1
B0005588,2
B0009878,1
B0004885,3
B0011463,5
B0000994,2
B0000452,3
B0008869,5
B0018690,2
B0012829,1
B0012030,1
B0019331,4
B0017336,3
B0019171,3
B0017815,5
B0017737,3
B0022353,5
B0022346,3
B0000665,4
B0007560,4
B0014928,5
B0018565,1
B0006425,5
B0003175,1
B0006894,3
B0020355,2
B0014887,4
B0005461,3
B0016015,4
B0021705,4
B0004636,4
B0008404,3
B0012821,3
B0003381,1
B0015299,3
B0021323,4
B0005423,4
B0013476,2
B0017944,5
B0020417,5
B0004082,2
B0011203,2
B0002100,2
B0022086,5
B0012008,4
B0014644,5
B0009040,4
B0011085,2
B0021686,1
B0000636,4
B0014874,4
B0007288,2
B0002349,1
B0004579,3
B0007492,3
B0012198,2
B0009122,3
B0011019,4
B0011419,5
B0019818,2
B0016462,4
B0003088,4
B0017290,5
B0015678,5
B0017112,4
B0018413,1
B0009659,5
B0016653,3
B0011905,5
B0005868,2
B0007284,2
B0013046,1
B0015519,5
B0003351,3
B0008482,3
B0003388,2
B0021613,1
B0011434,4
B0000721,4
B0002726,4
B0018402,4
B0004823,1
B0010744,4
B0005373,4
B0007915,2
B0000911,3
B0012683,3
B0021111,5
B0014254,2
B0008190,2
B0016395,5
B0016519,2
B0007228,3
B0001390,3
B0009412,5
B0016746,5
B0004698,2
B0008680,5
B0020412,5
B0002408,4
B0022100,5
B0021631,1
B0013081,2
B0004514,5
B0013243,1
B0001083,4
B0017421,4
B0004025,4
B0021341,2
B0005451,1
B0017609,5
B0003806,2
B0002859,4
B0018373,2
B0000065,1
B0001629,5
B0008020,3
B0021417,3
B0011982,4
B0008337,5
B0002543,3
B0018862,2
B0004467,2
B0018847,3
B0013248,5
B0011753,2
B0002870,1
B0001894,4
B0001941,5
B0001301,3
B0020550,4
B0006029,4
B0000135,4
B0009007,5
B0022452,3
B0009222,5
B0000100,5
B0011063,3
B0010319,1
B0012247,5
B0019705,1
B0017468,1
B0013663,3
B0015710,3
B0009808,4
B0015979,2
B0015527,1
B0015848,2
B0011251,4
B0001836,1
B0017492,3
B0008237,4
B0000290,4
B0021245,1
B0002572,2
B0016099,4
B0016840,5
B0002927,4
B0022187,4
B0021899,5
B0022184,5
B0004874,3
B0011762,2
B0004693,4
B0016472,1
B0014688,5
B0004307,1
B0000042,3
B0022408,1
B0018707,1
B0008566,4
B0000247,2
B0015436,5
B0015531,2
B0016447,3
B0010909,4
B0010973,2
B0006905,1
B0013962,1
B0011696,4
B0010603,3
B0007132,4
B0006788,1
B0000482,1
B0015904,4
B0008751,1
B0004095,1
B0016865,4
B0020495,2
B0013481,5
B0008897,1
B0018355,1
B0001189,4
B0015392,2
B0001869,4
B0020769,3
B0019296,2
B0007693,3
B0019655,3
B0014538,1
B0007063,1
B0018073,1
B0018722,4
B0020409,5
B0015685,5
B0018104,1
B0004369,5
B0020521,5
B0018056,3
B0007134,5
B0005037,5
B0011220,4
B0010162,2
B0003096,5
B0001528,3
B0011399,2
B0017220,4
B0017469,2
B0021017,1
B0019701,1
B0019281,5
B0020955,5
B0009618,1
B0009877,1
B0020906,4
B0006392,5
B0021634,5
B0003756,2
B0017708,1
B0022123,3
B0005302,2
B0009169,1
B0011394,3
B0018550,3
B0019180,1
B0003371,4
B0011105,2
B0015506,2
B0005018,2
B0005491,2
B0008855,2
B0001050,1
B0020964,4
B0018221,3
B0001346,4
B0002732,2
B0005495,3
B0015550,1
B0016969,3
B0001313,3
B0006619,3
B0008217,4
B0007733,1
B0013653,2
B0013785,3
B0008034,3
B0013353,2
B0002754,3
B0012150,2
B0011386,1
B0018861,3
B0002713,2
B0011642,5
B0003929,2
B0005530,5
B0004192,2
B0015233,5
B0010487,3
B0013860,4
B0021880,4
B0008000,2
B0017623,3
B0013933,1
B0013780,2
B0018613,3
B0014686,4
B0022170,4
B0016616,4
B0006221,3
B0010662,3
B0002173,4
B0014580,3
B0022165,3
B0020492,5
B0000225,3
B0013510,5
B0008799,1
B0006991,3
B0003118,1
B0014336,5
B0011721,3
B0001255,5
B0011228,5
B0009867,1
B0015970,5
B0010828,3
B0020655,2
B0018586,1
B0005579,5
B0016786,5
B0005940,5
B0005235,3
B0018937,1
B0006914,3
B0010756,5
B0013945,2
B0009534,3
B0022139,1
B0012816,3
B0005963,4
B0021719,5
B0016216,5
B0015482,1
B0003774,5
B0002296,2
B0016704,4
B0021668,1
B0005583,2
B0014640,1
B0007495,1
B0019040,1
B0005902,4
B0006754,3
B0018240,4
B0008222,3
B0020250,1
B0011717,4
B0006675,2
B0021659,5
B0017458,3
B0010717,2
B0011945,2
B0001095,1
B0013700,3
B0013191,4
B0013537,5
B0014170,1
B0002013,1
B0009881,2
B0002782,1
B0020558,3
B0002911,1
B0009554,4
B0009324,1
B0005827,2
B0017068,1
B0020004,5
B0011332,2
B0001511,2
B0008256,5
B0008335,4
B0000478,3
B0011056,4
B0017885,2
B0004153,1
B0006979,2
B0018538,2
B0013350,3
B0016543,5
B0020448,1
B0001210,3
B0009358,5
B0020810,5
B0010621,1
B0010311,2
B0022414,1
B0002867,2
B0021624,2
B0003864,2
B0014145,2
B0018527,1
B0001239,3
B0007253,3
B0000081,4
B0021565,2
B0002639,2
B0012113,4
B0020780,3
B0000096,2
B0008315,2
B0006965,3
B0021183,3
B0007068,3
B0005239,4
B0013298,4
B0006452,4
B0003719,1
B0004995,5
B0002208,1
B0006524,4
B0019638,4
B0006476,4
B0008323,5
B0010333,4
B0011099,5
B0003800,3
B0004606,5
B0011796,2
B0022119,5
B0000469,2
B0013874,5
B0003815,3
B0009717,2
B0003851,3
B0017675,2
B0016815,1
B0003914,4
B0021153,1
B0009126,3
B0005327,4
B0009838,4
B0021402,5
B0007530,2
B0016096,4
B0005008,3
B0018663,3
B0011057,2
B0004775,4
B0019538,4
B0018515,5
B0008218,5
B0003750,1
B0000653,2
B0006332,5
B0008900,4
B0003230,1
B0016695,5
B0001458,4
B0003560,4
B0008786,4
B0007645,4
B0022076,1
B0018717,2
B0012952,3
B0011196,4
B0016026,5
B0014367,2
B0006240,3
B0006817,2
B0009415,1
B0003062,5
B0017551,1
B0018017,2
B0004403,3
B0016135,5
B0017965,4
B0006702,1
B0018303,3
B0003280,4
B0001989,2
B0016410,5
B0001809,4
B0003213,5
B0002720,3
B0001758,2
B0006814,5
B0015123,5
B0002418,3
B0004093,5
B0000719,1
B0020291,4
B0005700,1
B0005822,5
B0011870,2
B0012252,1
B0002581,1
B0002290,1
B0014633,2
B0018570,5
B0018430,3
B0015047,4
B0017472,4
B0013740,1
B0005427,5
B0001245,1
B0001352,5
B0016430,5
B0012266,4
B0009487,2
B0008980,1
B0013963,3
B0012273,2
B0016622,2
B0006956,2
B0021072,2
B0015967,4
B0018312,5
B0001910,4
B0002785,2
B0011473,2
B0006787,3
B0012989,4
B0014651,5
B0010158,3
B0022095,2
B0017371,2
B0021378,1
B0010602,5
B0014911,2
B0009628,4
B0010732,3
B0017272,2
B0011133,5
B0017344,2
B0005259,2
B0005404,2
B0011270,2
B0005528,5
B0017665,4
B0000624,5
B0001521,2
B0010339,4
B0004106,4
B0014776,5
B0017190,1
B0004061,2
B0005442,1
B0011739,1
B0014104,1
B0005326,1
B0020858,4
B0002184,3
B0001253,3
B0011385,2
B0020901,4
B0001552,3
B0001811,4
B0004815,1
B0018907,5
B0016779,1
B0010120,4
B0020450,4
B0016480,5
B0008264,4
B0011793,4
B0020310,3
B0005699,2
B0016545,1
B0013308,4
B0007265,3
B0006355,5
B0010993,2
B0007974,2
B0006113,3
B0011125,1
B0010375,3
B0018242,1
B0015170,4
B0016843,4
B0012673,2
B0013391,1
B0000662,1
B0006149,4
B0015587,5
B0019157,1
B0002103,2
B0004818,1
B0005757,3
B0018184,1
B0010885,3
B0016452,2
B0017725,3
B0003400,4
B0007112,1
B0003155,1
B0001938,1
B0007708,4
B0022287,2
B0016563,3
B0016264,1
B0013754,1
B0008015,3
B0008829,4
B0016804,1
B0001125,1
B0011828,4
B0008275,3
B0019598,2
B0014545,3
B0018926,4
B0010810,1
B0000582,3
B0017212,1
B0003019,4
B0022238,4
B0010050,4
B0011450,4
B0020565,2
B0008884,3
B0006606,5
B0004189,1
B0021407,3
B0016748,2
B0019993,4
B0005870,2
B0011158,1
B0008177,1
B0007349,4
B0019695,2
B0019019,3
B0021217,2
B0012843,3
B0009532,4
B0004544,4
B0016932,5
B0005773,3
B0007152,4
B0016056,4
B0016614,3
B0021810,1
B0022162,4
B0004448,1
B0002305,2
B0006922,3
B0007302,5
B0008710,2
B0004573,3
B0015698,3
B0008731,3
B0005768,4
B0020410,3
B0007375,2
B0001324,5
B0005186,3
B0002984,1
B0020185,5
B0006294,3
B0011346,1
B0010594,5
B0013997,2
B0019789,4
B0016060,1
B0015225,1
B0001419,3
B0001079,2
B0017691,3
B0012420,3
B0008253,5
B0005702,4
B0006345,5
B0015796,2
B0013450,3
B0009440,2
B0001216,2
B0008376,5
B0015169,1
B0017546,1
B0000348,3
B0001620,2
B0012207,2
B0003967,3
B0011403,1
B0020299,4
B0014974,1
B0011097,3
B0007212,1
B0006925,1
B0018028,2
B0005460,1
B0012882,1
B0009252,5
B0003181,4
B0011788,4
B0006224,3
B0015129,2
B0003919,4
B0020757,3
B0003863,4
B0003869,4
B0002323,4
B0001598,2
B0004447,5
B0018840,5
B0009801,5
B0001096,2
B0022497,5
B0021139,2
B0007311,1
B0006938,3
B0005361,1
B0012344,1
B0008247,4
B0008880,3
B0017873,1
B0013791,5
B0012388,3
B0007748,5
B0013021,1
B0011486,1
B0004084,1
B0002602,4
B0014285,4
B0019384,3
B0010701,4
B0000221,2
B0000527,3
B0011480,3
B0022020,2
B0021330,1
B0004935,5
B0021773,3
B0019528,2
B0010751,1
B0011877,1
B0010807,4
B0015237,1
B0015068,1
B0003854,1
B0019582,2
B0008727,1
B0009518,1
B0004616,4
B0009891,5
B0017907,1
B0013699,5
B0004458,5
B0006117,3
B0008329,5
B0010378,5
B0014870,1
B0004211,4
B0006866,4
B0016536,2
B0008220,4
B0018368,2
B0018822,5
B0012356,1
B0018189,3
B0017674,4
B0002840,5
B0015397,1
B0012379,3
B0010535,3
B0004639,3
B0007313,3
B0001844,4
B0013110,3
B0017093,1
B0018848,3
B0009020,1
B0000418,4
B0006250,5
B0008867,3
B0009060,2
B0018625,1
B0017270,4
B0021713,3
B0012451,5
B0000242,5
B0017701,5
B0002474,1
B0001950,4
B0014280,1
B0016132,2
B0016858,3
B0011610,2
B0007931,2
B0002554,4
B0019842,2
B0003239,1
B0003528,1
B0007955,1
B0017494,1
B0018816,5
B0012959,2
B0017053,2
B0022109,4
B0011027,1
B0016888,4
B0016079,5
B0010519,3
B0018069,3
B0000342,3
B0014708,3
B0000015,2
B0003964,5
B0019477,1
B0000694,5
B0017666,1
B0006203,5
B0019357,5
B0006782,4
B0019643,4
B0004457,5
B0016769,4
B0014095,4
B0012423,3
B0020525,1
B0009870,3
B0015358,5
B0010891,5
B0006575,2
B0019257,5
B0011126,1
B0007941,1
B0004503,4
B0001659,1
B0004722,4
B0013464,2
B0003235,4
B0005219,1
B0019666,2
B0008477,3
B0012629,3
B0017743,4
B0005399,3
B0020753,1
B0003808,5
B0016115,5
B0005707,1
B0004136,2
B0007036,4
B0012153,5
B0002415,1
B0006289,1
B0019381,1
B0017850,1
B0013607,5
B0012131,4
B0021018,3
B0011043,3
B0006592,1
B0003041,5
B0014498,5
B0011004,5
B0008390,4
B0000559,5
B0018745,2
B0008128,2
B0011179,5
B0010228,5
B0007469,5
B0012966,2
B0005107,4
B0013604,4
B0005881,3
B0008236,4
B0001231,5
B0018301,1
B0009166,2
B0018698,5
B0018638,3
B0016156,3
B0004281,1
B0002609,2
B0004243,2
B0006858,1
B0002846,1
B0018304,4
B0003092,3
B0010413,1
B0012484,5
B0011742,4
B0007929,4
B0004625,3
B0015394,4
B0020976,4
B0013023,4
B0004601,3
B0019186,5
B0011341,4
B0018034,2
B0017968,1
B0011360,5
B0008313,1
B0014014,2
B0006352,5
B0007037,3
B0004026,5
B0007426,4
B0001573,1
B0017857,4
B0015098,1
B0011404,1
B0000909,1
B0000272,1
B0006800,1
B0021360,5
B0004593,5
B0017936,4
B0004047,3
B0007339,1
B0017403,2
B0006402,3
B0017500,1
B0011795,1
B0008489,4
B0021751,2
B0006749,2
B0013879,2
B0010472,3
B0004576,1
B0009880,2
B0005511,4
B0001051,4
B0003867,3
B0000628,3
B0020248,5
B0006462,2
B0000930,1
B0019154,2
B0002485,5
B0019193,1
B0006994,5
B0014648,1
B0002200,5
B0000250,4
B0003958,4
B0006479,4
B0006465,1
B0002877,4
B0014320,3
B0009357,1
B0004614,2
B0004366,2
B0019639,4
B0007568,3
B0011904,2
B0021014,3
B0005390,1
B0000536,3
B0005669,2
B0001003,4
B0011370,3
B0011462,2
B0016990,3
B0008443,1
B0020075,1
B0002107,1
B0020685,4
B0004238,1
B0005176,3
B0005393,2
B0003942,2
B0020353,1
B0021919,2
B0019132,5
B0009331,1
B0011620,5
B0016797,1
B0011607,4
B0014819,4
B0016793,4
B0011980,4
B0004470,3
B0017014,2
B0016685,5
B0012024,1
B0016016,4
B0022273,2
B0018960,5
B0007340,1
B0013641,3
B0019419,4
B0005036,5
B0022093,1
B0010955,3
B0000006,3
B0021709,4
B0022126,3
B0017709,5
B0021174,1
B0015271,3
B0006847,5
B0001476,2
B0003745,3
B0017352,3
B0008946,5
B0011447,5
B0014261,2
B0021524,4
B0004940,5
B0019502,5
B0004337,3
B0018536,2
B0009780,2
B0018556,1
B0016284,3
B0001945,5
B0009963,1
B0017173,4
B0009570,2
B0012538,5
B0018909,2
B0003637,1
B0011135,5
B0019589,3
B0004362,5
B0001830,1
B0004736,4
B0010231,3
B0015574,3
B0012655,5
B0010049,3
B0016357,1
B0004701,2
B0021154,5
B0013118,5
B0000666,5
B0003820,4
B0006037,5
B0006283,5
B0016754,1
B0013199,1
B0019799,2
B0019588,4
B0020692,1
B0009686,5
B0000796,1
B0020464,5
B0004743,3
B0003147,1
B0013129,4
B0011262,1
B0017154,1
B0016108,1
B0006131,1
B0001913,2
B0020523,2
B0009253,4
B0015525,1
B0021856,3
B0022359,3
B0017296,2
B0016258,1
B0001751,2
B0019907,1
B0000713,1
B0012612,4
B0005572,4
B0005701,1
B0016776,5
B0008101,1
B0014324,3
B0000743,3
B0005026,2
B0020603,2
B0000037,1
B0015530,2
B0002141,5
B0013171,3
B0015589,2
B0018990,3
B0022213,5
B0001246,4
B0002980,5
B0015961,2
B0022461,3
B0014758,3
B0006881,2
B0003369,5
B0000416,3
B0005598,5
B0011876,3
B0008286,3
B0005622,2
B0020505,1
B0005284,4
B0015096,4
B0007489,1
B0000466,1
B0008795,5
B0019238,1
B0013642,2
B0007447,5
B0020300,1
B0002005,1
B0008831,3
B0014736,3
B0002795,4
B0012434,1
B0012767,4
B0004705,1
B0001725,4
B0011102,5
B0019026,5
B0004311,3
B0011491,4
B0006062,2
B0013360,2
B0014198,3
B0009671,3
B0017457,4
B0015741,4
B0013668,1
B0010545,1
B0004588,2
B0016772,3
B0001317,5
B0015015,1
B0020445,3
B0010288,4
B0010018,3
B0013553,4
B0008500,4
B0011453,2
B0014784,2
B0019955,4
B0006264,1
B0019636,5
B0009663,2
B0008285,3
B0010174,5
B0010092,5
B0012002,4
B0007214,2
B0009383,3
B0022301,2
B0005062,2
B0003070,1
B0002270,2
B0010926,3
B0015779,5
B0021080,5
B0004455,5
B0009527,1
B0010843,3
B0004474,2
B0004962,4
B0002858,5
B0021740,5
B0016943,4
B0015477,1
B0000715,1
B0011192,4
B0021895,5
B0011516,5
B0017027,2
B0019678,5
B0020167,4
B0003003,5
B0003884,3
B0021222,3
B0016750,4
B0014302,5
B0011421,4
B0009987,1
B0016566,4
B0007305,5
B0006000,3
B0015701,5
B0013232,5
B0000400,5
B0018676,3
B0015861,5
B0021546,3
B0020785,1
B0004973,4
B0018087,2
B0007779,3
B0003031,3
B0019336,3
B0004721,3
B0009185,4
B0005799,4
B0006356,3
B0003410,4
B0009855,4
B0016017,4
B0007487,3
B0003784,3
B0015414,5
B0008777,2
B0014669,3
B0019444,1
B0002919,3
B0004180,1
B0022073,4
B0019176,1
B0020600,2
B0009660,5
B0001389,5
B0019585,3
B0002902,1
B0021460,4
B0019535,1
B0016384,4
B0019870,4
B0016483,1
B0008725,5
B0001978,2
B0021543,4
B0019669,5
B0013034,5
B0022054,4
B0021066,5
B0022114,2
B0021339,4
B0003276,4
B0001242,2
B0004882,4
B0014527,5
B0012438,5
B0005377,5
B0012293,4
B0020954,4
B0021823,3
B0014370,2
B0020660,4
B0019440,5
B0000983,5
B0005611,1
B0019849,4
B0018762,3
B0012703,5
B0003526,5
B0010255,5
B0000646,2
B0012557,4
B0008114,5
B0014389,4
B0018186,3
B0015276,2
B0009619,2
B0012241,5
B0017251,4
B0007508,2
B0017348,3
B0020470,4
B0015007,5
B0018366,4
B0014662,2
B0012483,3
B0010649,5
B0001309,1
B0007848,5
B0011879,5
B0019071,1
B0006855,4
B0005517,4
B0014365,3
B0014578,1
B0002557,2
B0001585,4
B0016591,4
B0016835,2
B0013097,3
B0004772,3
B0010772,1
B0019042,2
B0005928,4
B0006608,4
B0004637,2
B0015988,2
B0010505,3
B0002921,3
B0001827,4
B0000800,2
B0004257,2
B0012495,5
B0016140,4
B0010106,2
B0020907,4
B0009548,4
B0020743,1
B0006983,1
B0022389,2
B0007644,4
B0007980,2
B0001410,2
B0013597,5
B0020538,2
B0008340,2
B0009113,1
B0015893,4
B0019106,3
B0013300,5
B0004919,2
B0019684,1
B0017868,5
B0006724,1
B0012856,1
B0020670,5
B0021768,4
B0006231,4
B0021642,2
B0019246,2
B0000420,1
B0014118,4
B0006598,2
B0018800,5
B0000154,4
B0014641,1
B0011459,4
B0021585,3
B0015293,5
B0009388,2
B0005719,5
B0008542,2
B0002130,3
B0014991,3
B0017838,4
B0017773,4
B0001069,1
B0019531,5
B0014523,5
B0002177,5
B0014810,2
B0022386,2
B0019224,2
B0016207,5
B0020199,1
B0006200,5
B0019511,4
B0003536,5
B0020807,5
B0018367,4
B0004837,2
B0014746,1
B0021990,5
B0003465,1
B0004607,2
B0021548,1
B0011844,4
B0001847,2
B0010892,4
B0003260,3
B0011596,2
B0019141,3
B0001522,4
B0017832,3
B0016974,1
B0003913,1
B0021404,4
B0019886,5
B0001822,2
B0009976,1
B0021961,1
B0018135,2
B0015942,2
B0015990,3
B0001883,2
B0005110,5
B0009991,1
B0017241,5
B0016673,1
B0010989,5
B0016571,5
B0013589,3
B0013970,3
B0011991,4
B0016440,1
B0015515,5
B0013894,2
B0007151,5
B0014682,3
B0005972,2
B0006139,5
B0010456,5
B0016915,5
B0002862,1
B0010496,3
B0014311,1
B0019831,3
B0015541,2
B0008972,3
B0003897,4
B0017670,3
B0007835,5
B0009372,1
B0017887,4
B0013406,3
B0020123,3
B0021289,5
B0010026,3
B0013050,1
B0004057,3
B0009194,2
B0005408,3
B0017793,1
B0018412,2
B0020516,1
B0011812,2
B0005170,1
B0020751,4
B0003439,3
B0012931,2
B0016708,1
B0019932,4
B0016153,3
B0014159,3
B0006243,5
B0007236,3
B0018718,2
B0006511,3
B0001112,4
B0005864,3
B0014267,5
B0001864,3
B0014531,1
B0008291,3
B0018574,4
B0010625,2
B0019425,2
B0004405,2
B0020664,1
B0006170,1
B0005322,4
B0004617,2
B0012378,5
B0009746,4
B0016494,3
B0012236,2
B0022230,3
B0011960,1
B0010134,5
B0021414,5
B0015585,2
B0004680,1
B0002697,5
B0014112,1
B0011131,3
B0013998,2
B0018649,3
B0002242,4
B0016360,2
B0013002,1
B0008507,1
B0011995,4
B0009154,2
B0018804,1
B0010447,3
B0019464,5
B0018659,4
B0009864,2
B0007273,4
B0021506,3
B0014193,1
B0016689,2
B0003636,3
B0003834,5
B0022352,1
B0017766,2
B0006010,4
B0001658,4
B0001414,1
B0014206,3
B0013336,4
B0006590,5
B0006731,3
B0018154,5
B0021620,4
B0003532,2
B0021995,2
B0014162,5
B0011738,2
B0021295,1
B0017764,1
B0004630,1
B0008204,3
B0019105,2
B0009930,3
B0017089,2
B0002062,3
B0018933,1
B0006398,3
B0008407,2
B0010651,3
B0009175,3
B0005728,3
B0020881,1
B0015948,2
B0002836,2
B0009054,3
B0017642,4
B0019340,3
B0013870,4
B0019089,2
B0015206,5
B0004431,4
B0020062,5
B0021363,5
B0003870,1
B0020707,3
B0014134,3
B0006880,3
B0007114,5
B0008149,2
B0009949,4
B0000316,4
B0007817,5
B0018344,2
B0020869,1
B0001484,2
B0018916,4
B0013916,3
B0019094,3
B0000369,5
B0000153,2
B0004895,1
B0002823,3
B0007570,2
B0018300,1
B0003343,5
B0013354,2
B0008084,1
B0013584,4
B0015336,4
B0016596,1
B0021168,4
B0020717,4
B0003309,1
B0009957,3
B0007780,4
B0002405,4
B0001339,4
B0001863,5
B0004476,5
B0006317,2
B0007721,4
B0014704,2
B0010998,3
B0016416,5
B0021744,3
B0019501,2
B0002971,5
B0015973,3
B0004149,3
B0006821,3
B0013390,1
B0001888,5
B0019185,2
B0019868,3
B0005879,3
B0000275,3
B0009939,4
B0003152,4
B0018143,4
B0011436,3
B0017133,5
B0002655,5
B0000477,2
B0016921,2
B0016812,2
B0015839,4
B0011632,5
B0021868,2
B0012832,5
B0002252,3
B0009764,3
B0000337,4
B0010000,5
B0009824,1
B0005394,2
B0012319,3
B0014807,4
B0020292,2
B0001518,4
B0007695,2
B0005847,2
B0018830,1
B0021589,2
B0020380,4
B0020045,3
B0008167,2
B0009095,4
B0015697,1
B0020422,2
B0008318,3
B0009835,2
B0021327,3
B0009312,1
B0019086,1
B0000472,4
B0005986,3
B0000693,4
B0016173,3
B0000264,1
B0018597,4
B0002176,4
B0017145,4
B0014181,5
B0017876,4
B0019163,3
B0018108,4
B0010317,1
B0000425,1
B0008947,5
B0011798,3
B0002096,5
B0019287,2
B0005668,3
B0004087,3
B0012089,1
B0020786,1
B0004913,1
B0015603,4
B0013157,5
B0002246,5
B0005160,1
B0001510,1
B0019041,1
B0017503,4
B0016528,5
B0003169,3
B0015017,3
B0019168,4
B0012263,1
B0004567,5
B0015044,5
B0001512,3
B0021702,2
B0014577,1
B0020588,3
B0009335,4
B0011692,4
B0017978,1
B0014615,2
B0020754,2
B0013775,1
B0002284,4
B0004285,2
B0019632,4
B0019994,4
B0017155,1
B0008027,1
B0008115,5
B0022499,1
B0018810,4
B0000880,4
B0014013,1
B0003570,2
B0000167,1
B0008861,5
B0013056,3
B0022430,1
B0021772,5
B0006138,3
B0019029,2
B0018201,5
B0008330,2
B0012006,1
B0015209,1
B0001321,5
B0001005,5
B0000640,5
B0020962,1
B0008640,4
B0020481,4
B0013961,2
B0012090,4
B0007933,3
B0014366,1
B0010641,1
B0004497,3
B0005891,4
B0010612,5
B0002959,3
B0004524,5
B0021408,2
B0002178,4
B0010450,4
B0018331,5
B0001100,2
B0017379,1
B0009210,5
B0017803,3
B0022379,1
B0017279,4
B0002136,2
B0021490,1
B0012331,1
B0014804,3
B0001695,1
B0000055,4
B0012648,2
B0015879,2
B0008878,1
B0001483,5
B0009287,3
B0016469,2
B0016552,3
B0013395,4
B0018377,4
B0001623,4
B0003228,1
B0018039,4
B0009839,2
B0019203,2
B0004816,3
B0021608,3
B0014760,5
B0009445,5
B0012692,5
B0015863,1
B0005957,4
B0013680,1
B0019324,1
B0018148,4
B0007405,4
B0018422,5
B0002553,4
B0007737,2
B0020697,2
B0000778,2
B0020578,5
B0016349,3
B0010486,4
B0012409,3
B0005056,3
B0007735,5
B0013085,5
B0017958,5
B0003189,2
B0016712,5
B0012859,2
B0015285,4
B0021160,5
B0021056,4
B0005286,5
B0004263,3
B0006128,4
B0005722,5
B0001882,2
B0015192,2
B0001325,1
B0003555,1
B0006819,4
B0002378,1
B0011967,2
B0021130,1
B0003282,1
B0017003,2
B0001048,2
B0013400,1
B0016633,4
B0008244,1
B0000841,4
B0017702,3
B0005794,1
B0012699,1
B0003090,3
B0008611,2
B0004512,1
B0016542,5
B0001278,3
B0022191,2
B0001383,5
B0021964,2
B0013753,5
B0012287,2
B0018758,5
B0009416,1
B0003512,4
B0022156,3
B0005084,4
B0011306,3
B0016362,1
B0021491,4
B0006451,1
B0002972,3
B0007509,3
B0007188,4
B0007948,1
B0010249,4
B0019978,3
B0016735,5
B0012827,5
B0005000,2
B0005349,1
B0011506,5
B0011086,2
B0002274,2
B0010445,1
B0005887,1
B0004342,5
B0007649,2
B0006267,2
B0017506,4
B0001054,5
B0011402,5
B0007586,1
B0002687,2
B0014765,1
B0013281,4
B0014614,4
B0021496,4
B0008689,3
B0007904,4
B0003298,5
B0006354,4
B0017639,4
B0011548,2
B0001075,4
B0005392,3
B0008210,2
B0004375,3
B0001109,4
B0006888,2
B0008773,5
B0016485,1
B0012381,1
B0001825,1
B0004032,4
B0010432,2
B0021002,2
B0018457,3
B0000028,2
B0005268,2
B0014167,3
B0007983,2
B0010861,4
B0004105,3
B0004894,4
B0020376,5
B0013451,4
B0012306,1
B0006376,2
B0018699,2
B0008539,4
B0000163,2
B0000885,4
B0003759,3
B0006389,1
B0011193,3
B0001012,3
B0000328,4
B0013365,1
B0010043,5
B0006444,5
B0021564,1
B0002540,2
B0004831,1
B0014440,4
B0018340,2
B0006184,5
B0000973,4
B0012250,2
B0002784,2
B0005139,1
B0010848,3
B0010985,2
B0000176,2
B0021825,1
B0000238,5
B0000783,1
B0001490,2
B0002779,5
B0013441,3
B0005364,5
B0014798,3
B0008083,2
B0004321,2
B0004507,2
B0004667,2
B0015762,5
B0005520,3
B0005892,5
B0013220,3
B0020853,2
B0003768,1
B0020966,1
B0008734,5
B0005551,5
B0018557,4
B0015629,4
B0007410,5
B0012084,5
B0016989,3
B0004618,2
B0013055,1
B0010564,5
B0007648,1
B0012932,4
B0001897,4
B0014661,3
B0010142,1
B0018453,3
B0010980,5
B0013416,4
B0001973,1
B0007227,3
B0012373,1
B0021293,5
B0004219,5
B0010161,5
B0007990,2
B0014718,5
B0010570,5
B0010767,5
B0006299,4
B0013332,4
B0019635,5
B0007919,5
B0006935,4
B0019294,2
B0020673,2
B0008793,4
B0019162,5
B0015147,5
B0015534,1
B0016408,5
B0002987,1
B0017246,3
B0018809,3
B0004241,2
B0020831,4
B0005614,1
B0016799,3
B0006039,2
B0022112,5
B0011375,4
B0000115,2
B0001137,2
B0016881,1
B0005155,4
B0022124,5
B0009684,3
B0005769,1
B0019353,3
B0002332,5
B0008028,3
B0003444,4
B0013071,4
B0007917,1
B0009708,1
B0021914,4
B0008437,5
B0010109,5
B0009278,3
B0001144,3
B0008305,5
B0018231,1
B0019322,5
B0015793,3
B0003150,1
B0005655,5
B0008977,5
B0002135,3
B0013227,4
B0009610,5
B0015223,3
B0022038,3
B0006667,2
B0017505,5
B0021587,4
B0002850,3
B0013884,4
B0016855,1
B0012267,1
B0018001,2
B0019323,5
B0012142,3
B0011294,1
B0017966,4
B0012650,3
B0017624,1
B0010308,3
B0018970,3
B0013256,2
B0002190,5
B0010726,1
B0017629,5
B0018421,2
B0010645,4
B0021528,5
B0008771,2
B0021008,4
B0022435,5
B0001067,1
B0008085,5
B0019263,4
B0014598,1
B0009919,3
B0002542,1
B0009009,1
B0000198,3
B0019368,4
B0001799,5
B0012532,1
B0019025,2
B0021128,2
B0013446,3
B0009942,1
B0001776,4
B0008193,5
B0012987,5
B0010225,1
B0014327,3
B0000278,2
B0009006,2
B0020893,4
B0011417,5
B0013149,5
B0013219,2
B0000105,3
B0013041,2
B0012773,2
B0020435,4
B0014034,2
B0004697,2
B0012357,1
B0012898,4
B0015958,5
B0015790,1
B0001098,2
B0000710,4
B0009818,5
B0021549,4
B0015059,1
B0007064,4
B0014236,3
B0014063,1
B0020195,2
B0009448,1
B0008112,5
B0017660,2
B0010868,4
B0000405,1
B0001781,2
B0001660,4
B0008410,3
B0010202,1
B0003198,5
B0006482,5
B0019841,5
B0007185,5
B0017628,3
B0009314,2
B0022405,4
B0014339,2
B0010189,2
B0001411,5
B0021931,1
B0007967,3
B0022019,2
B0011847,2
B0016252,3
B0005465,3
B0005360,1
B0005666,2
B0020260,2
B0012867,5
B0022420,4
B0010394,2
B0002766,5
B0008005,1
B0015278,3
B0019911,3
B0014463,3
B0016478,5
B0020762,1
B0016085,5
B0017335,2
B0006611,2
B0020633,5
B0015886,1
B0016646,1
B0014604,5
B0014573,3
B0015105,2
B0012044,2
B0009899,2
B0007825,3
B0008179,3
B0001639,5
B0004997,5
B0006404,1
B0012910,5
B0000086,3
B0021666,3
B0000758,2
B0022061,3
B0006901,5
B0006719,4
B0020166,1
B0014393,2
B0000913,5
B0021292,3
B0016694,1
B0016338,2
B0018558,1
B0005920,5
B0015219,1
B0020013,4
B0006396,5
B0001832,2
B0007717,5
B0007146,1
B0008382,5
B0009592,4
B0003792,1
B0010554,5
B0020860,1
B0015496,3
B0012706,2
B0000139,1
B0011310,1
B0006260,1
B0016417,3
B0017392,4
B0014560,5
B0004784,1
B0015215,3
B0002475,5
B0007995,3
B0008606,1
B0021903,4
B0019951,1
B0021239,1
B0003296,5
B0016076,2
B0016305,5
B0007860,5
B0021575,3
B0011565,5
B0007950,4
B0019566,2
B0012514,4
B0008369,5
B0022456,2
B0016734,5
B0000774,1
B0021477,4
B0014884,1
B0018379,4
B0006556,3
B0013954,2
B0010804,4
B0009307,5
B0014125,5
B0007547,1
B0022342,4
B0010071,4
B0003959,3
B0005876,1
B0019394,5
B0008870,4
B0020811,2
B0005237,3
B0001775,2
B0006419,3
B0020899,3
B0012660,4
B0019077,4
B0009330,1
B0005225,1
B0022404,5
B0015481,4
B0018041,2
B0021388,2
B0015040,1
B0011703,3
B0013887,5
B0014235,2
B0015230,2
B0000235,1
B0004780,2
B0005214,4
B0015126,5
B0005021,1
B0012478,2
B0007280,3
B0013297,5
B0010327,3
B0002825,1
B0015490,1
B0007691,3
B0014917,1
B0010931,4
B0000617,2
B0020010,2
B0016517,1
B0000413,5
B0005514,4
B0020015,3
B0012963,4
B0005306,2
B0003009,1
B0001097,2
B0001009,3
B0006747,2
B0002312,4
B0005127,4
B0015018,5
B0009128,5
B0004397,1
B0000992,1
B0016367,1
B0020497,1
B0017118,4
B0015766,5
B0022049,1
B0010052,1
B0015899,4
B0022168,4
B0001461,4
B0021231,2
B0016979,2
B0018620,2
B0012708,4
B0003574,1
B0011896,4
B0013160,1
B0004232,1
B0019462,5
B0005909,4
B0004817,1
B0015546,5
B0022270,2
B0018282,5
B0016581,5
B0002501,3
B0010795,5
B0022008,5
B0010084,4
B0005178,4
B0015655,3
B0006413,3
B0001947,3
B0021550,3
B0006320,5
B0020922,5
B0013498,5
B0016464,3
B0011611,1
B0002747,5
B0003738,5
B0006633,3
B0021660,3
B0000074,1
B0003547,3
B0014138,2
B0000201,5
B0009908,2
B0005544,4
B0010117,1
B0018929,4
B0015755,4
B0021317,3
B0010656,5
B0018728,5
B0014697,4
B0014404,1
B0002587,3
B0001555,2
B0009972,5
B0009576,4
B0015983,3
B0018011,1
B0001105,3
B0009611,4
B0009302,1
B0020967,5
B0017738,3
B0009327,2
B0009176,2
B0001786,2
B0013467,5
B0007463,1
B0018575,1
B0009733,2
B0001890,5
B0007258,3
B0019470,5
B0007634,4
B0020813,3
B0000308,1
B0009055,1
B0015950,4
B0002847,3
B0022225,5
B0007399,5
B0001004,3
B0005597,5
B0015010,2
B0003748,5
B0021377,1
B0004870,5
B0009369,2
B0000025,1
B0017974,2
B0000546,1
B0011197,3
B0005953,3
B0015388,1
B0017266,1
B0005988,2
B0003956,3
B0002150,1
B0010624,5
B0018622,4
B0007204,4
B0013106,2
B0005336,5
B0021629,5
B0007739,1
B0017896,1
B0004572,4
B0012286,3
B0019483,5
B0007416,5
B0016953,2
B0015985,2
B0011457,2
B0012332,2
B0012837,5
B0018269,1
B0010132,2
B0016235,4
B0006769,5
B0002831,5
B0006497,3
B0006543,2
B0004275,4
B0011351,3
B0018161,3
B0020959,2
B0004727,2
B0017818,2
B0015478,3
B0007126,3
B0003802,2
B0015524,1
B0018206,5
B0001828,5
B0009854,1
B0010628,4
B0013705,4
B0007753,5
B0018249,1
B0009108,5
B0006151,4
B0002155,4
B0018226,4
B0000977,3
B0019520,1
B0019004,5
B0010831,2
B0012833,2
B0000195,4
B0004214,2
B0015380,4
B0012705,3
B0006720,5
B0009137,5
B0017948,4
B0018618,2
B0017123,2
B0019613,2
B0014448,1
B0005678,2
B0019027,3
B0010515,3
B0009533,3
B0006107,4
B0003832,5
B0022288,1
B0012926,1
B0006363,5
B0011553,2
B0008592,1
B0014581,2
B0010209,3
B0016920,1
B0007181,3
B0002402,5
B0003116,1
B0011174,3
B0019807,4
B0003758,4
B0014457,3
B0018397,3
B0004291,5
B0008050,3
B0012871,2
B0010902,5
B0010352,4
B0000910,4
B0003340,4
B0008862,3
B0015332,3
B0006557,5
B0022031,4
B0006094,4
B0018952,1
B0004335,4
B0008985,4
B0017213,5
B0001371,3
B0003726,5
B0013819,3
B0020975,2
B0008637,4
B0000271,3
B0021298,4
B0008453,5
B0020741,4
B0019996,1
B0017613,1
B0021694,1
B0009202,3
B0002759,1
B0014237,4
B0018031,1
B0007892,5
B0004768,3
B0001120,4
B0003460,2
B0001151,5
B0010972,3
B0004833,2
B0007629,1
B0008497,4
B0022064,1
B0001327,5
B0002118,1
B0016196,1
B0000747,3
B0009308,1
B0015061,5
B0014617,5
B0004073,1
B0005091,3
B0008434,3
B0004038,4
B0000059,5
B0001788,4
B0011191,2
B0016538,3
B0015938,3
B0001582,1
B0015992,5
B0003569,1
B0010154,4
B0014839,5
B0016595,1
B0008963,5
B0008367,5
B0010290,3
B0015925,1
B0002484,5
B0015905,2
B0009022,2
B0007498,2
B0019509,4
B0011948,4
B0022217,5
B0005257,5
B0013457,2
B0020088,2
B0005331,1
B0002454,2
B0012852,3
B0006467,5
B0014865,5
B0004502,5
B0003205,2
B0021737,5
B0006693,1
B0014147,3
B0019644,3
B0005925,1
B0001247,1
B0014674,5
B0013512,3
B0003646,1
B0021370,3
B0004141,5
B0007706,1
B0003345,2
B0013048,1
B0007538,3
B0020444,3
B0006945,2
B0014608,3
B0021557,1
B0008810,3
B0021799,5
B0019152,5
B0008906,3
B0015998,5
B0021022,2
B0001153,4
B0012192,5
B0017300,4
B0006707,3
B0010325,1
B0017412,3
B0004019,5
B0003162,3
B0006690,1
B0010739,4
B0013095,3
B0004050,3
B0012587,2
B0015555,5
B0000532,5
B0000170,4
B0016676,5
B0021562,2
B0012171,2
B0012251,5
B0006330,3
B0009127,2
B0009521,4
B0017340,2
B0003072,2
B0011645,5
B0020289,2
B0003938,5
B0013116,2
B0013684,2
B0012021,4
B0021275,2
B0005602,3
B0001889,2
B0006227,4
B0012239,4
B0016089,3
B0000156,2
B0021933,5
B0002029,5
B0007965,5
B0009531,1
B0002375,4
B0013733,3
B0007367,5
B0010742,5
B0020699,3
B0017105,5
B0007876,1
B0013377,1
B0004623,2
B0015943,4
B0005781,1
B0004694,1
B0012500,2
B0012165,4
B0018863,5
B0006437,3
B0017063,4
B0007324,1
B0017359,5
B0012129,4
B0002690,5
B0021045,2
B0018222,2
B0001597,5
B0007749,2
B0020472,1
B0004582,5
B0013006,3
B0006850,2
B0016792,3
B0010600,4
B0015247,3
B0009059,3
B0017271,1
B0015274,3
B0022283,2
B0009226,3
B0011794,3
B0002527,2
B0016195,3
B0010763,2
B0013188,2
B0003537,1
B0002497,3
B0012940,4
B0010760,4
B0006972,5
B0015944,2
B0018734,5
B0005948,5
B0000944,5
B0005049,1
B0014599,4
B0009959,1
B0009430,3
B0003855,3
B0019646,4
B0016314,1
B0018498,3
B0021869,4
B0007308,3
B0013664,5
B0014062,1
B0021013,3
B0009529,3
B0007352,5
B0013455,1
B0021725,1
B0007529,1
B0005395,5
B0016781,3
B0000004,1
B0009677,2
B0021204,5
B0013845,5
B0019986,5
B0013379,3
B0010946,5
B0002265,5
B0006196,2
B0006071,5
B0019074,5
B0020623,4
B0013912,1
B0020998,3
B0007623,4
B0005943,5
B0019908,3
B0009102,2
B0000313,1
B0020347,5
B0019660,5
B0017204,2
B0017979,2
B0000947,5
B0017826,4
B0010459,2
B0017802,4
B0014343,2
B0011641,2
B0015787,4
B0015560,5
B0004868,1
B0017265,5
B0022130,2
B0006106,5
B0018684,2
B0017377,2
B0019548,3
B0016248,2
B0016456,1
B0020581,1
B0008682,3
B0013756,2
B0020080,4
B0021356,5
B0002319,2
B0016778,3
B0012271,4
B0009385,5
B0018903,2
B0016679,3
B0015090,4
B0014356,1
B0017433,5
B0013397,4
B0012593,2
B0017487,5
B0017232,3
B0000791,4
B0009275,1
B0000642,5
B0004347,4
B0019855,1
B0013016,1
B0009501,5
B0013245,5
B0010646,4
B0001627,3
B0009667,5
B0017066,4
B0011998,5
B0019578,2
B0003462,5
B0020119,2
B0010850,3
B0007164,5
B0018220,3
B0003160,1
B0006666,2
B0006964,4
B0005627,5
B0007411,3
B0013851,1
B0012103,3
B0003821,4
B0007635,3
B0006067,2
B0007681,2
B0015772,5
B0005680,5
B0014405,1
B0008934,5
B0004911,2
B0001381,2
B0004963,3
B0016751,4
B0006052,2
B0002183,1
B0017699,1
B0014852,1
B0020135,2
B0004538,2
B0011501,3
B0009506,2
B0010918,5
B0000186,3
B0014137,3
B0002916,4
B0005852,1
B0003046,3
B0012745,2
B0006612,4
B0005843,2
B0007446,3
B0015881,5
B0016385,3
B0008659,2
B0002739,3
B0013660,2
B0005632,5
B0020190,4
B0010604,3
B0000870,4
B0017163,4
B0016277,4
B0013054,2
B0004930,4
B0017111,4
B0022014,2
B0017726,1
B0003113,5
B0010696,3
B0005310,3
B0008032,3
B0004723,4
B0013600,5
B0006141,1
B0011001,5
B0019443,1
B0000894,5
B0001061,5
B0011615,2
B0016210,5
B0004138,3
B0006262,4
B0011599,4
B0008372,4
B0020616,3
B0014926,2
B0007364,4
B0002382,3
B0004177,2
B0004080,5
B0014459,4
B0019334,5
B0006717,5
B0007360,4
B0006886,3
B0000491,5
B0014646,1
B0002949,5
B0013573,4
B0006930,3
B0004445,1
B0017012,3
B0003644,3
B0015071,2
B0002621,4
B0004945,4
B0018724,3
B0002666,1
B0012711,2
B0004587,1
B0016955,1
B0013941,2
B0010045,2
B0019642,3
B0003824,4
B0007260,3
B0015840,2
B0020883,1
B0005736,4
B0003382,2
B0005505,1
B0020924,2
B0001925,5
B0011843,3
B0000567,4
B0021030,3
B0019232,4
B0020528,4
B0014818,4
B0014923,3
B0014180,4
B0015696,5
B0009542,5
B0015727,4
B0014012,3
B0017443,4
B0003990,2
B0006962,4
B0011066,5
B0018507,5
B0005512,5
B0018732,3
B0013782,2
B0001252,4
B0019059,1
B0013899,3
B0018904,2
B0003610,4
B0007231,2
B0011983,4
B0011578,3
B0016875,2
B0009923,3
B0000292,1
B0003882,3
B0006123,1
B0011276,2
B0005371,3
B0019337,4
B0017995,1
B0019832,4
B0012646,2
B0021108,2
B0001998,2
B0011046,4
B0010691,4
B0018052,1
B0004972,5
B0010160,4
B0020333,3
B0007872,5
B0005088,4
B0021925,5
B0000658,4
B0019686,4
B0021817,3
B0000016,4
B0007033,1
B0018071,4
B0013125,1
B0020228,1
B0000505,2
B0019894,5
B0020575,3
B0021216,1
B0012307,3
B0011614,3
B0005522,1
B0008079,2
B0012122,4
B0006924,5
B0000309,5
B0007093,4
B0015975,3
B0017678,3
B0005559,3
B0010877,5
B0011081,4
B0007213,2
B0006176,2
B0016570,3
B0005557,3
B0018209,1
B0009090,2
B0009598,5
B0006661,3
B0001472,3
B0021934,4
B0021010,5
B0011011,4
B0003370,1
B0016148,4
B0003278,3
B0011780,2
B0013763,5
B0000906,1
B0020066,1
B0004435,3
B0015565,5
B0012221,4
B0007345,4
B0010652,4
B0014860,4
B0001854,3
B0017864,4
B0017844,5
B0000448,2
B0001367,3
B0013168,3
B0013555,1
B0003961,5
B0015056,5
B0006833,4
B0001992,4
B0008722,2
B0011660,3
B0004700,4
B0012427,1
B0014346,5
B0002151,5
B0021877,1
B0003533,5
B0015939,4
B0002863,5
B0008547,2
B0016606,4
B0010388,2
B0021103,3
B0018886,2
B0016724,4
B0019142,1
B0015253,5
B0017513,2
B0000615,1
B0013316,3
B0013751,4
B0003429,2
B0002077,5
B0017411,5
B0018983,3
B0008309,1
B0011513,5
B0017350,1
B0019658,1
B0010287,5
B0001277,1
B0004928,2
B0002802,5
B0003692,1
B0011037,2
B0020791,5
B0001926,4
B0005168,5
B0003328,4
B0004271,2
B0020590,2
B0013237,2
B0010478,1
B0007407,3
B0014878,1
B0001907,3
B0000234,1
B0010900,3
B0019150,4
B0022247,3
B0004128,2
B0019809,5
B0019306,2
B0011690,3
B0020537,3
B0014816,2
B0017298,3
B0007098,5
B0008881,5
B0002328,2
B0009123,2
B0003729,1
B0016172,3
B0010992,2
B0002552,4
B0017632,3
B0003966,2
B0006875,3
B0019600,3
B0013869,1
B0015266,4
B0010794,4
B0018906,5
B0007916,1
B0009892,4
B0021832,3
B0019640,3
B0017982,3
B0004132,5
B0016582,2
B0021053,1
B0005698,2
B0014486,3
B0000013,5
B0007171,3
B0017277,3
B0004523,2
B0002442,2
B0021698,4
B0002120,3
B0000509,3
B0012400,3
B0001728,3
B0020569,3
B0010069,1
B0005115,4
B0013503,2
B0004237,3
B0020379,1
B0005426,4
B0002060,5
B0007242,1
B0019275,3
B0015249,5
B0003122,2
B0020759,4
B0013883,3
B0007722,5
B0018316,4
B0006211,2
B0011531,5
B0018843,5
B0010952,2
B0002804,4
B0006321,5
B0004453,2
B0007642,1
B0022490,3
B0013995,3
B0002494,3
B0003011,4
B0021789,3
B0011974,2
B0003783,5
B0008903,3
B0006422,4
B0000093,3
B0012282,4
B0017998,4
B0007401,2
B0000869,2
B0019244,3
B0008543,2
B0001821,4
B0003909,4
B0014067,1
B0010908,5
B0022069,3
B0004729,3
B0005143,1
B0017757,1
B0001753,1
B0010119,2
B0020973,4
B0004246,5
B0007140,1
B0021530,1
B0002830,3
B0010212,4
B0004022,1
B0017374,5
B0017195,1
B0002957,1
B0018273,3
B0008055,4
B0002636,4
B0004097,1
B0006520,4
B0006518,2
B0006234,4
B0001185,5
B0013483,3
B0009958,4
B0004808,1
B0014214,3
B0005543,1
B0004904,4
B0007564,2
B0000541,1
B0013601,2
B0000714,1
B0014922,4
B0005849,1
B0004260,5
B0020877,1
B0004704,3
B0016693,3
B0009249,3
B0013047,2
B0021211,4
B0015307,4
B0001841,2
B0017591,3
B0008854,5
B0016008,4
B0000503,5
B0017400,4
B0003643,3
B0017437,4
B0005525,1
B0007450,4
B0000429,2
B0016941,1
B0005213,3
B0020726,1
B0010121,3
B0002803,2
B0013303,1
B0002536,3
B0010501,3
B0002002,3
B0011549,2
B0020927,2
B0020338,5
B0009560,1
B0004681,3
B0008438,2
B0018946,3
B0014111,1
B0010541,2
B0000631,1
B0010090,2
B0002630,5
B0008366,4
B0017337,2
B0014388,3
B0011311,2
B0004975,4
B0022393,3
B0000432,4
B0005753,1
B0021163,1
B0015658,5
B0010698,4
B0013437,2
B0016387,4
B0010480,2
B0012430,4
B0007699,1
B0018169,5
B0011315,4
B0009299,3
B0007946,4
B0021531,3
B0015168,5
B0005867,2
B0019282,4
B0010306,1
B0014742,2
B0018788,2
B0021538,1
B0016826,5
B0007005,3
B0002131,5
B0005977,1
B0006118,1
B0008203,4
B0011716,5
B0009011,4
B0006885,1
B0004967,4
B0015446,5
B0011839,1
B0001333,5
B0009875,2
B0007502,1
B0020649,3
B0006023,2
B0006783,4
B0015648,4
B0005183,5
B0021576,1
B0002234,1
B0009061,1
B0018827,1
B0014338,4
B0002931,3
B0015640,5
B0013488,4
B0007957,4
B0019591,2
B0007861,1
B0008533,1
B0002809,2
B0013058,5
B0018105,1
B0020994,4
B0013233,3
B0017931,5
B0013059,2
B0013275,3
B0016636,5
B0005693,1
B0016925,4
B0012775,3
B0000967,1
B0014413,4
B0016807,5
B0009082,3
B0019827,5
B0009759,2
B0020189,3
B0019845,1
B0020405,5
B0009437,1
B0004402,1
B0016069,4
B0004561,4
B0007514,2
B0015707,2
B0019697,4
B0022142,2
B0018601,5
B0015053,1
B0017122,4
B0017121,5
B0010664,3
B0016619,1
B0012209,2
B0017561,4
B0012094,3
B0002334,2
B0002549,4
B0005436,2
B0000210,1
B0003785,1
B0010694,3
B0007978,5
B0019759,1
B0015081,1
B0002534,3
B0000786,5
B0019991,4
B0005601,3
B0021974,5
B0014766,4
B0007433,4
B0000306,5
B0002499,4
B0001375,4
B0018429,5
B0014401,1
B0021648,2
B0018509,4
B0006907,2
B0011571,3
B0020563,3
B0016402,2
B0012591,3
B0002108,5
B0005629,1
B0012203,3
B0004224,4
B0015634,4
B0003287,1
B0016654,3
B0002672,2
B0001749,2
B0007682,3
B0000088,4
B0006530,5
B0004484,3
B0003707,1
B0001432,3
B0019298,2
B0009497,4
B0002965,3
B0012202,5
B0012764,1
B0012786,3
B0002897,3
B0013863,3
B0012297,3
B0011147,1
B0010256,3
B0001997,2
B0001619,5
B0019935,5
B0020474,2
B0004035,4
B0000236,3
B0012201,4
B0011628,3
B0002102,1
B0006188,4
B0004051,5
B0000753,4
B0016261,5
B0012881,1
B0005880,2
B0013473,5
B0004898,1
B0001250,2
B0017727,5
B0005355,4
B0003480,2
B0003413,1
B0012302,2
B0002651,3
B0006210,1
B0008113,4
B0016212,5
B0003743,5
B0006871,4
B0018405,5
B0000506,4
B0020091,5
B0014600,4
B0019194,5
B0014676,1
B0020822,2
B0016911,3
B0011290,5
B0020568,5
B0005396,3
B0012300,4
B0019927,5
B0017938,1
B0013911,3
B0020153,1
B0008025,5
B0006236,2
B0002496,3
B0012163,4
B0016131,1
B0003379,4
B0001622,5
B0018026,1
B0007801,5
B0006839,3
B0021248,1
B0019200,1
B0002438,3
B0010262,1
B0020461,5
B0009473,1
B0015898,1
B0019113,4
B0019359,3
B0009731,1
B0007142,5
B0002317,5
B0022177,3
B0008326,2
B0012606,1
B0002748,5
B0010194,1
B0011213,5
B0006209,5
B0022047,4
B0001905,2
B0019291,4
B0003981,4
B0011914,4
B0011778,2
B0004542,5
B0009377,5
B0013274,4
B0019673,5
B0014296,2
B0002740,2
B0011022,5
B0010899,2
B0020318,4
B0021555,2
B0000750,2
B0015578,2
B0012569,4
B0018739,1
B0020957,5
B0019227,4
B0003581,3
B0019727,5
B0004717,4
B0009242,3
B0020577,3
B0014803,5
B0015306,2
B0008860,5
B0006114,3
B0006541,1
B0004677,4
B0015079,5
B0000011,1
B0015165,4
B0003980,2
B0001282,3
B0021937,2
B0006685,5
B0010680,4
B0021469,1
B0003844,2
B0014149,3
B0016970,4
B0015342,1
B0000254,5
B0020771,4
B0011975,5
B0011257,2
B0012909,2
B0000606,3
B0004847,2
B0022336,4
B0005766,1
B0001554,5
B0005802,3
B0014861,3
B0004603,1
B0017128,4
B0017180,1
B0001081,2
B0012104,2
B0015503,5
B0018307,5
B0009700,4
B0002196,2
B0019914,1
B0003065,3
B0005475,2
B0008009,5
B0014301,3
B0007341,2
B0018705,2
B0009196,3
B0005916,1
B0013599,4
B0008560,4
B0020580,1
B0017158,2
B0011362,4
B0005010,4
B0017946,5
B0010017,2
B0005913,4
B0020104,1
B0015021,4
B0005469,3
B0003540,2
B0004058,5
B0005363,3
B0013953,1
B0011366,2
B0009438,4
B0005229,2
B0007589,3
B0021001,1
B0009005,5
B0008494,5
B0020561,4
B0004958,2
B0014515,2
B0011103,4
B0019722,5
B0017415,4
B0022043,3
B0019408,5
B0012339,4
B0009897,2
B0004075,2
B0021690,5
B0021923,3
B0003126,1
B0003196,1
B0019068,4
B0016158,1
B0018343,3
B0011840,3
B0007304,5
B0009200,5
B0002145,1
B0003645,5
B0009333,2
B0017733,1
B0004422,1
B0011818,3
B0020186,3
B0004382,1
B0000003,1
B0013624,4
B0021242,2
B0005282,1
B0011892,4
B0015941,5
B0017960,2
B0013242,3
B0000730,2
B0008343,1
B0015289,2
B0014918,2
B0009345,2
B0004498,2
B0001690,4
B0004841,1
B0001513,2
B0000569,5
B0013798,2
B0000729,2
B0018879,4
B0014100,1
B0006624,3
B0004472,5
B0004112,3
B0018802,1
B0016273,2
B0012255,2
B0000287,2
B0005931,2
B0014088,4
B0016042,3
B0011382,3
B0012390,2
B0013593,5
B0011008,2
B0012349,1
B0018346,5
B0010766,4
B0009313,4
B0013711,3
B0018667,3
B0003955,4
B0010907,3
B0017451,4
B0021359,1
B0017918,1
B0000204,1
B0003020,1
B0004787,4
B0012124,3
B0000200,4
B0005089,1
B0015806,5
B0017416,4
B0019984,1
B0008941,5
B0019010,5
B0005997,3
B0001385,1
B0020423,1
B0018204,2
B0002097,3
B0020630,1
B0008056,1
B0015825,2
B0010451,1
B0006609,2
B0013871,1
B0002422,1
B0009936,2
B0015430,3
B0015403,1
B0007099,5
B0011226,2
B0014242,2
B0016351,3
B0007612,3
B0004108,3
B0012316,3
B0017758,3
B0016649,4
B0020151,5
B0000686,4
B0019877,1
B0001912,3
B0011813,3
B0020947,3
B0011160,1
B0000422,4
B0015564,3
B0012622,2
B0018864,4
B0009209,4
B0015425,2
B0011655,4
B0000842,4
B0021201,2
B0001530,1
B0017534,4
B0012269,1
B0003253,5
B0010030,2
B0016978,2
B0013111,2
B0017935,3
B0015327,5
B0019972,3
B0004655,5
B0003804,3
B0003994,3
B0018173,3
B0006199,4
B0020205,1
B0003037,3
B0018290,5
B0000461,1
B0021959,2
B0009419,5
B0020180,5
B0018114,1
B0006676,3
B0009616,5
B0010944,4
B0018569,4
B0004269,5
B0001426,5
B0001874,2
B0001820,4
B0015348,3
B0003443,4
B0020852,1
B0008929,2
B0010385,4
B0004417,2
B0011664,1
B0010400,4
B0019196,4
B0001681,4
B0001149,3
B0005518,2
B0017650,4
B0003608,1
B0018662,3
B0018014,5
B0016913,5
B0004553,2
B0010728,2
B0002493,5
B0017171,1
B0010361,2
B0022476,1
B0014722,4
B0008645,4
B0001344,3
B0007992,1
B0012574,2
B0004769,2
B0009046,5
B0018776,1
B0000240,2
B0021025,5
B0017287,5
B0017065,4
B0000110,3
B0019784,1
B0003038,4
B0000213,5
B0012965,1
B0004890,4
B0011836,2
B0007493,1
B0007580,4
B0019317,3
B0018208,4
B0018500,1
B0001198,1
B0003404,4
B0011687,5
B0008339,2
B0018055,1
B0001303,5
B0002392,2
B0009993,3
B0014369,5
B0019530,5
B0002576,5
B0019569,4
B0003603,5
B0007994,5
B0000921,4
B0009593,3
B0012401,5
B0004242,1
B0014975,4
B0005857,2
B0004471,3
B0006166,3
B0013824,1
B0013591,3
B0021664,3
B0010832,2
B0016663,1
B0009150,2
B0016496,2
B0009248,3
B0009886,1
B0009401,5
B0021353,3
B0004304,2
B0002625,4
B0012231,3
B0008103,3
B0010897,3
B0007614,4
B0021979,1
B0004992,1
B0018780,5
B0001225,2
B0016947,1
B0013345,1
B0003999,3
B0013944,3
B0018286,5
B0003363,4
B0006496,3
B0002774,5
B0010610,1
B0016102,3
B0020393,3
B0010930,3
B0014043,2
B0013832,1
B0004670,4
B0018695,2
B0009924,5
B0006715,4
B0014207,5
B0016403,3
B0013348,1
B0014710,5
B0004354,5
B0014378,4
B0006777,2
B0005228,5
B0020243,2
B0009945,3
B0000363,1
B0000577,5
B0013886,2
B0007554,2
B0015191,4
B0018156,2
B0001183,2
B0007571,2
B0008387,3
B0015400,3
B0015302,3
B0017587,5
B0014868,5
B0021581,3
B0009492,2
B0000705,5
B0019821,3
B0001070,5
B0000955,4
B0017117,4
B0017382,2
B0022236,2
B0017644,4
B0008535,2
B0007628,2
B0009575,4
B0003825,5
B0015207,1
B0007019,3
B0014359,5
B0004794,2
B0005738,4
B0020490,1
B0016344,3
B0013636,1
B0019798,4
B0012617,3
B0020722,2
B0004181,5
B0010372,2
B0012046,3
B0015868,3
B0004668,1
B0019765,1
B0003140,5
B0018010,4
B0004932,1
B0021209,1
B0004215,3
B0000798,3
B0012258,2
B0005664,4
B0017920,3
B0005223,3
B0008046,3
B0003982,4
B0021474,3
B0016757,5
B0022140,5
B0020894,5
B0022260,2
B0006563,2
B0017987,4
B0016618,3
B0009778,1
B0007412,3
B0002022,2
B0017717,5
B0008536,1
B0003991,1
B0017689,1
B0010058,2
B0001473,3
B0003093,5
B0012048,3
B0011244,3
B0001583,4
B0011250,3
B0010615,5
B0010988,1
B0008417,1
B0001124,2
B0003611,5
B0014321,5
B0018254,4
B0015395,2
B0001845,1
B0012993,2
B0017152,5
B0020453,2
B0006918,4
B0003559,2
B0021432,5
B0017439,1
B0002260,4
B0012671,2
B0006853,3
B0014690,3
B0003653,1
B0021167,3
B0004315,5
B0019791,3
B0018905,3
B0006018,2
B0006763,5
B0011494,5
B0022252,3
B0012063,3
B0001942,5
B0010884,4
B0022427,2
B0003635,4
B0009140,3
B0012130,4
B0022489,2
B0021637,2
B0018924,5
B0002680,1
B0015318,1
B0020027,5
B0003971,4
B0008774,4
B0009231,4
B0007761,1
B0012087,2
B0016638,3
B0003025,1
B0001870,4
B0008746,5
B0000171,4
B0012516,3
B0016411,1
B0011666,3
B0019406,2
B0017327,4
B0021285,3
B0015330,1
B0008625,1
B0009525,2
B0017808,3
B0000067,2
B0001612,3
B0000361,2
B0012937,1
B0001638,1
B0010975,5
B0007193,1
B0011789,1
B0016521,4
B0004629,4
B0016681,1
B0009761,1
B0012752,3
B0002207,1
B0002753,1
B0007543,3
B0012374,2
B0020793,5
B0000545,1
B0009701,3
B0019934,1
B0013197,2
B0007558,3
B0019256,1
B0016088,5
B0014520,5
B0005552,5
B0004193,5
B0016063,4
B0012878,5
B0006840,4
B0012604,4
B0002869,3
B0011527,1
B0020173,1
B0010874,5
B0002189,1
B0002698,3
B0019616,4
B0020526,1
B0012768,3
B0008741,5
B0012508,5
B0017749,5
B0017806,3
B0015833,2
B0017796,1
B0010213,1
B0010858,3
B0006187,4
B0018053,5
B0019148,3
B0013807,1
B0012032,1
B0011757,5
B0013307,5
B0014583,1
B0008979,3
B0002693,5
B0020224,2
B0003288,5
B0000387,3
B0018641,1
B0009664,5
B0003200,2
B0010053,5
B0011564,4
B0000857,3
B0001661,4
B0013999,2
B0001017,3
B0011401,3
B0009983,3
B0009505,2
B0019429,4
B0007548,3
B0002531,4
B0008957,2
B0001624,3
B0015058,4
B0021847,2
B0014509,4
B0012497,2
B0009050,5
B0015913,2
B0014611,5
B0010586,5
B0001578,3
B0003965,4
B0018030,4
B0017589,5
B0014844,5
B0011227,1
B0000443,1
B0006857,4
B0008159,2
B0021335,4
B0016650,3
B0008261,4
B0021963,1
B0000609,3
B0006957,4
B0004854,1
B0021193,4
B0009538,5
B0006281,5
B0003083,1
B0009773,4
B0015334,5
B0005341,3
B0018311,5
B0022080,5
B0018166,4
B0005821,5
B0010956,2
B0021310,5
B0006586,1
B0020197,4
B0014176,3
B0003509,1
B0013471,3
B0009978,4
B0019983,3
B0013140,1
B0020513,1
B0002044,2
B0005311,5
B0017115,5
B0000979,4
B0003128,1
B0008327,2
B0010477,3
B0014243,4
B0016632,2
B0017231,1
B0018908,1
B0010182,2
B0016113,4
B0002039,3
B0006738,4
B0002429,1
B0005834,5
B0018164,3
B0021667,4
B0020170,3
B0008455,4
B0003397,2
B0014508,5
B0002695,4
B0016163,5
B0012095,1
B0011167,3
B0007034,5
B0016639,4
B0011156,3
B0007111,5
B0010204,4
B0000629,3
B0002299,2
B0009233,4
B0018531,5
B0016940,1
B0006101,3
B0006764,1
B0015993,5
B0016723,5
B0005950,3
B0021765,4
B0002471,1
B0012058,2
B0007199,1
B0001720,4
B0013640,2
B0012685,4
B0019878,3
B0004844,5
B0021345,3
B0006637,1
B0011316,2
B0004165,5
B0002490,4
B0011471,5
B0020068,4
B0012678,4
B0008888,1
B0015483,3
B0006268,2
B0018858,4
B0016904,4
B0002844,3
B0014496,4
B0011380,3
B0014673,3
B0009031,5
B0012335,2
B0009800,4
B0015020,2
B0007400,5
B0003193,5
B0006681,5
B0005783,1
B0000427,5
B0014516,3
B0019349,3
B0000020,3
B0010218,1
B0021536,4
B0009174,4
B0001584,2
B0015669,1
B0008628,4
B0012670,3
B0007344,1
B0021920,2
B0010473,3
B0005236,4
B0011159,5
B0003350,5
B0003451,3
B0004509,3
B0011649,3
B0005146,3
B0000566,5
B0008238,4
B0012748,1
B0002821,1
B0007138,2
B0007501,2
B0014454,1
B0010733,3
B0019063,5
B0013857,3
B0002330,5
B0002686,1
B0020350,2
B0011693,5
B0002938,4
B0000324,5
B0007942,1
B0000586,5
B0000760,1
B0017378,2
B0015960,1
B0005105,2
B0017615,2
B0019433,3
B0003441,2
B0008593,2
B0010765,3
B0012657,1
B0001703,5
B0022081,1
B0016268,5
B0007881,2
B0006526,5
B0014680,1
B0021723,3
B0011065,1
B0018488,3
B0002796,4
B0005863,4
B0020127,4
B0020701,3
B0012172,4
B0018956,1
B0004515,1
B0012563,1
B0011744,3
B0017018,1
B0006596,3
B0019676,5
B0022223,1
B0004801,2
B0012441,3
B0002179,5
B0002071,4
B0008683,1
B0008520,5
B0006100,5
B0002301,5
B0019959,3
B0011202,3
B0017707,5
B0006329,3
B0000070,5
B0007620,1
B0003322,5
B0019901,1
B0020939,2
B0006408,3
B0014919,3
B0018252,2
B0017924,4
B0005425,1
B0019823,2
B0012973,1
B0003035,1
B0001547,2
B0004626,5
B0017367,2
B0018481,3
B0004272,2
B0017021,2
B0002865,2
B0016111,2
B0020882,3
B0018805,4
B0019145,1
B0006650,1
B0011261,2
B0016568,3
B0003058,5
B0012197,1
B0012334,2
B0001310,2
B0016204,4
B0010128,4
B0022268,2
B0017236,4
B0016205,2
B0007094,3
B0005737,3
B0020534,5
B0008135,2
B0008361,3
B0013253,4
B0018250,2
B0003724,3
B0014862,3
B0011670,1
B0021312,5
B0020773,2
B0021320,4
B0009274,2
B0021234,3
B0009825,5
B0000052,1
B0002790,5
B0018431,5
B0017184,4
B0004319,5
B0014717,3
B0007921,1
B0021329,2
B0010224,1
B0001180,1
B0021527,3
B0005830,2
B0016007,5
B0018183,4
B0016713,2
B0016727,3
B0012436,2
B0000212,4
B0019825,2
B0010529,1
B0003042,2
B0021214,5
B0011048,5
B0018408,5
B0012323,1
B0010332,4
B0019537,5
B0017074,1
B0018279,4
B0000632,3
B0014133,3
B0007067,1
B0011635,3
B0003561,5
B0020136,3
B0021044,3
B0015846,4
B0018720,3
B0007715,5
B0008733,4
B0017009,1
B0000061,4
B0002913,3
B0017257,5
B0012862,2
B0017436,1
B0004534,1
B0015823,2
B0008024,3
B0009535,4
B0020283,3
B0001341,1
B0009459,3
B0002158,5
B0004730,4
B0011700,4
B0014169,3
B0000108,2
B0016331,5
B0003936,4
B0002254,2
B0012925,2
B0006461,5
B0005346,4
B0000635,1
B0016253,3
B0007696,2
B0001678,1
B0002058,5
B0012817,1
B0002648,3
B0011885,3
B0011390,2
B0000116,2
B0010502,5
B0021505,4
B0018159,3
B0012960,3
B0010704,2
B0011054,5
B0002879,4
B0009371,4
B0021890,1
B0013030,3
B0010443,3
B0016467,5
B0017792,5
B0003091,1
B0010920,2
B0022281,3
B0020386,2
B0005556,1
B0000319,5
B0007710,2
B0018624,5
B0019699,4
B0006529,5
B0021529,5
B0001401,1
B0012019,2
B0005809,2
B0002028,5
B0007058,1
B0021591,1
B0004250,5
B0019992,4
B0014041,4
B0019896,4
B0014685,2
B0000787,4
B0001455,1
B0017267,4
B0016249,5
B0009512,1
B0004877,3
B0003911,5
B0009310,1
B0002598,5
B0010825,2
B0011764,4
B0014820,4
B0000435,3
B0019415,4
B0022310,2
B0001290,3
B0007906,1
B0009863,2
B0005873,3
B0002218,4
B0021324,2
B0005862,3
B0008613,5
B0017903,3
B0013490,2
B0013078,3
B0007092,2
B0015583,2
B0019717,3
B0013384,2
B0013153,2
B0019485,4
B0015140,3
B0004608,5
B0017147,5
B0020440,2
B0022085,5
B0006205,2
B0003085,5
B0022263,4
B0019254,4
B0006256,1
B0017478,4
B0015964,5
B0010524,4
B0014916,2
B0018046,1
B0019201,1
B0014689,4
B0013011,5
B0001357,4
B0003651,2
B0018471,5
B0003731,2
B0007123,4
B0007109,3
B0001502,3
B0020466,2
B0016353,5
B0002230,2
B0005688,1
B0000389,1
B0022454,3
B0005844,2
B0019946,5
B0019899,1
B0020850,4
B0008127,1
B0006893,5
B0015290,4
B0018656,1
B0011406,1
B0018598,5
B0015613,2
B0003565,3
B0005996,1
B0014089,5
B0015248,3
B0012211,4
B0012808,3
B0010762,4
B0016864,1
B0010547,3
B0021177,5
B0010258,2
B0015014,4
B0016094,5
B0010467,5
B0014197,1
B0001046,3
B0018228,3
B0013119,1
B0013592,3
B0014228,5
B0007249,4
B0002503,1
B0017172,2
B0007020,5
B0015488,5
B0021135,4
B0015051,1
B0022110,5
B0021595,1
B0008702,2
B0006119,2
B0017684,3
B0007315,3
B0019067,3
B0022371,4
B0014051,5
B0016198,5
B0003992,2
B0009179,2
B0002042,3
B0022117,2
B0012254,5
B0019338,1
B0002662,5
B0022292,2
B0017879,5
B0014337,1
B0006335,4
B0014139,4
B0008186,5
B0003098,3
B0017722,5
B0011855,1
B0016014,2
B0018548,2
B0002363,5
B0000698,3
B0001568,2
B0018694,2
B0017306,2
B0002360,4
B0011769,2
B0010199,4
B0000933,5
B0001173,1
B0009755,1
B0001190,5
B0018327,5
B0004541,4
B0020211,3
B0015252,2
B0003943,3
B0010770,2
B0014859,1
B0018941,5
B0022146,2
B0020866,4
B0021188,4
B0017001,1
B0005652,2
B0020351,5
B0005894,4
B0022439,4
B0003798,1
B0014434,5
B0020482,5
B0016611,5
B0012950,3
B0017603,5
B0005003,3
B0012179,1
B0000570,2
B0002637,5
B0016631,1
B0021429,2
B0000645,5
B0001503,4
B0004408,2
B0000583,5
B0018850,4
B0021636,2
B0015721,4
B0014003,5
B0006167,2
B0010408,1
B0008044,3
B0020806,4
B0005592,5
B0011422,4
B0021984,1
B0003399,5
B0019211,3
B0002744,4
B0015580,4
B0000085,2
B0004527,3
B0010700,2
B0001270,3
B0015418,1
B0016375,3
B0011536,1
B0004227,5
B0013504,3
B0011214,5
B0021396,1
B0017869,1
B0007652,3
B0022332,3
B0015654,1
B0014610,5
B0004261,4
B0017087,2
B0020341,3
B0018234,4
B0008362,1
B0020905,5
B0022285,2
B0008807,5
B0018674,2
B0011706,4
B0021640,5
B0015638,2
B0012081,4
B0010851,1
B0012204,2
B0013183,5
B0016231,2
B0000457,2
B0021226,3
B0015124,3
B0001936,2
B0009304,4
B0008783,1
B0019788,2
B0008078,1
B0015730,2
B0009111,2
B0009967,4
B0015818,3
B0020348,1
B0021132,5
B0017932,2
B0011634,1
B0005190,5
B0007169,1
B0002211,1
B0015049,4
B0020491,2
B0022034,3
B0003151,4
B0014106,5
B0010282,1
B0019580,1
B0021206,1
B0002168,5
B0006021,1
B0001059,3
B0005762,5
B0005398,3
B0012358,5
B0016514,5
B0005166,4
B0022255,1
B0003906,2
B0014999,3
B0006883,1
B0010571,4
B0006293,1
B0013569,5
B0004740,4
B0015250,1
B0013803,1
B0016628,2
B0014241,1
B0001796,1
B0015085,5
B0022131,1
B0020192,3
B0000217,2
B0014165,3
B0015831,1
B0017045,4
B0020288,5
B0001651,1
B0014432,4
B0003771,4
B0004510,4
B0016760,4
B0007583,4
B0015602,2
B0006916,5
B0014880,4
B0016136,4
B0010942,3
B0016785,1
B0007631,2
B0022065,4
B0004413,2
B0012613,5
B0000512,3
B0005318,1
B0000380,1
B0017199,1
B0002994,3
B0007038,1
B0012166,1
B0006564,4
B0016817,1
B0014517,1
B0010569,5
B0015406,5
B0021850,2
B0013806,4
B0011658,2
B0011061,1
B0020233,3
B0019237,5
B0007430,5
B0011265,2
B0001116,1
B0014096,4
B0011953,2
B0004284,2
B0018302,3
B0020847,1
B0021270,2
B0012908,1
B0020915,1
B0005755,2
B0002326,4
B0012226,5
B0015190,4
B0000039,2
B0016382,2
B0004751,5
B0001274,5
B0002990,1
B0005150,1
B0015002,3
B0012003,4
B0018692,3
B0017964,1
B0018116,4
B0000851,1
B0008365,3
B0005299,1
B0017865,5
B0004377,2
B0013104,2
B0016442,2
B0019117,4
B0007625,2
B0002238,4
B0011763,5
B0000145,3
B0011598,2
B0006844,3
B0002430,5
B0009558,3
B0000985,2
B0009311,1
B0000793,2
B0006552,1
B0004368,5
B0016181,4
B0002452,2
B0000293,2
B0010462,2
B0006137,1
B0012976,1
B0013725,4
B0021462,5
B0017584,1
B0006252,4
B0005805,1
B0011868,1
B0017049,1
B0001988,2
B0008035,5
B0010705,5
B0008181,4
B0021766,3
B0000140,1
B0016833,3
B0019754,2
B0006527,2
B0016716,2
B0018696,3
B0018418,2
B0019747,3
B0006610,2
B0013777,5
B0015164,2
B0022373,5
B0009549,1
B0018452,4
B0001984,5
B0021540,5
B0009224,3
B0021944,2
B0015459,4
B0015625,5
B0009652,5
B0002041,5
B0021570,2
B0005124,1
B0014185,5
B0006046,2
B0006229,5
B0003609,3
B0020021,1
B0017205,3
B0004948,4
B0019895,4
B0003668,3
B0021445,2
B0009465,2
B0008636,4
B0020694,1
B0017245,4
B0012133,4
B0013676,5
B0007282,4
B0013223,3
B0012769,4
B0004979,3
B0003086,3
B0021369,5
B0016068,4
B0021797,4
B0009464,2
B0016493,4
B0004602,5
B0004770,3
B0006077,5
B0016565,1
B0019572,5
B0003104,2
B0005801,4
B0008401,3
B0001957,3
B0013485,2
B0012928,5
B0022220,2
B0021253,2
B0017769,5
B0014202,4
B0005480,5
B0020502,5
B0000520,4
B0008589,3
B0001192,4
B0003259,5
B0006716,2
B0012152,1
B0003503,5
B0015521,2
B0018484,4
B0016756,3
B0020060,5
B0010835,2
B0007867,3
B0008936,4
B0011260,5
B0005157,1
B0007587,1
B0008582,3
B0000381,5
B0005882,3
B0005633,3
B0009846,3
B0008155,4
B0008321,1
B0005558,4
B0003830,4
B0010079,3
B0001028,1
B0014770,1
B0000496,5
B0007851,3
B0013126,1
B0001769,1
B0014079,5
B0002148,5
B0001579,2
B0008965,5
B0008981,5
B0017181,4
B0001746,2
B0007542,5
B0003662,4
B0007903,4
B0016665,5
B0000056,4
B0010279,1
B0007086,4
B0012445,2
B0002101,5
B0022289,3
B0015349,2
B0000265,1
B0006950,4
B0011593,1
B0005055,1
B0008350,5
B0015873,3
B0018580,1
B0007494,4
B0020083,2
B0014512,2
B0017833,3
B0008444,5
B0013163,5
B0000276,4
B0011498,3
B0007910,3
B0016958,3
B0001752,1
B0021534,5
B0013340,4
B0004916,2
B0001488,2
B0001363,1
B0014751,4
B0022339,4
B0013773,2
B0003614,3
B0005179,1
B0007247,1
B0019785,3
B0022418,1
B0015558,2
B0017081,3
B0015288,1
B0021361,5
B0015858,1
B0006179,2
B0010221,1
B0009429,1
B0015953,4
B0009609,2
B0008690,2
B0016749,5
B0012589,2
B0018881,2
B0007491,2
B0004746,2
B0004380,1
B0013131,1
B0001532,1
B0014161,3
B0002594,4
B0022482,5
B0012985,2
B0013448,3
B0019208,2
B0008614,2
B0008351,4
B0002337,5
B0019088,4
B0004329,3
B0001023,2
B0021819,4
B0014083,1
B0008334,3
B0010734,4
B0017338,5
B0010303,4
B0020752,1
B0007053,4
B0011296,4
B0019734,1
B0006304,4
B0014773,3
B0017408,1
B0007028,1
B0020683,4
B0015393,3
B0002930,2
B0022480,2
B0004796,5
B0009678,1
B0017590,4
B0021794,2
B0007600,2
B0013014,3
B0001436,1
B0020403,4
B0011747,4
B0009056,2
B0014712,3
B0017667,1
B0007168,5
B0006014,5
B0012138,5
B0017595,3
B0007346,2
B0004466,5
B0007373,5
B0020371,5
B0000394,3
B0005182,5
B0000816,3
B0002738,3
B0015872,2
B0002186,2
B0020471,5
B0002036,2
B0016180,2
B0019261,5
B0010061,4
B0001001,2
B0009350,5
B0001633,4
B0000598,1
B0020484,2
B0018814,3
B0022265,5
B0004747,3
B0005893,1
B0021171,3
B0003720,5
B0016648,3
B0015063,2
B0012424,5
B0016515,3
B0003894,5
B0000712,4
B0017585,4
B0009781,4
B0019889,1
B0002289,5
B0008660,5
B0006333,4
B0019738,4
B0007740,2
B0013797,2
B0003780,3
B0017612,3
B0000883,5
B0020279,3
B0014574,3
B0016945,3
B0014596,3
B0015117,1
B0022017,5
B0018487,5
B0001013,2
B0007245,3
B0018757,4
B0002956,3
B0012615,3
B0004888,2
B0010790,3
B0003625,1
B0019278,5
B0010169,2
B0000421,4
B0008106,5
B0020118,1
B0014028,2
B0020795,5
B0007279,5
B0001850,4
B0007963,5
B0002275,2
B0011431,2
B0022210,5
B0005083,5
B0021039,2
B0019402,2
B0020063,2
B0015258,1
B0013605,2
B0020770,4
B0013588,3
B0000084,2
B0007928,2
B0004634,5
B0015455,2
B0019546,3
B0012962,4
B0011940,4
B0018823,2
B0008098,4
B0015197,3
B0000305,3
B0018023,2
B0021458,3
B0005542,3
B0019810,2
B0008499,2
B0013606,1
B0016333,3
B0008603,1
B0004438,3
B0004896,3
B0009338,4
B0019427,1
B0008770,2
B0004350,3
B0001815,3
B0006266,1
B0016652,2
B0006214,2
B0002964,1
B0012369,2
B0011184,2
B0022493,3
B0021375,3
B0021244,1
B0002425,1
B0021577,1
B0010190,4
B0008803,5
B0006378,1
B0011680,4
B0019618,1
B0003024,5
B0009086,4
B0010234,4
B0009639,5
B0005591,5
B0003119,1
B0015138,3
B0022204,4
B0004400,2
B0001826,4
B0015901,1
B0005750,2
B0011924,4
B0018514,5
B0019801,3
B0004017,3
B0003301,4
B0001575,5
B0007285,5
B0010104,5
B0006099,1
B0009914,3
B0016732,4
B0011485,2
B0007788,1
B0017281,1
B0006585,5
B0021854,5
B0006070,3
B0003424,3
B0011484,5
B0015931,3
B0021489,5
B0014053,4
B0015900,1
B0019241,5
B0013581,1
B0003730,1
B0019893,4
B0022351,1
B0002551,2
B0019301,5
B0006153,3
B0004714,1
B0002950,5
B0005446,2
B0014632,2
B0009785,5
B0013937,4
B0020731,2
B0006322,3
B0021041,3
B0009732,3
B0001140,1
B0012666,1
B0019222,5
B0006381,3
B0006773,1
B0001684,1
B0007393,3
B0004821,4
B0020778,1
B0004305,4
B0000373,3
B0008306,5
B0021722,2
B0011695,5
B0016025,2
B0001571,5
B0006507,4
B0018149,1
B0020178,1
B0000179,4
B0002751,4
B0008583,4
B0005418,4
B0015078,1
B0016872,3
B0008077,2
B0017853,3
B0019468,2
B0012327,5
B0000998,1
B0001186,4
B0012800,4
B0005721,3
B0016364,1
B0011053,3
B0001326,2
B0013622,2
B0007394,1
B0022239,4
B0009758,3
B0000620,4
B0001757,2
B0022172,3
B0004755,5
B0005072,4
B0021724,5
B0012984,2
B0018519,5
B0009293,4
B0006292,1
B0003366,5
B0003006,2
B0000047,3
B0014433,1
B0019392,3
B0005381,5
B0021973,1
B0011699,5
B0008765,1
B0016275,4
B0014729,2
B0001356,2
B0007785,5
B0019479,3
B0003880,1
B0012620,3
B0013940,1
B0016044,5
B0020421,3
B0021838,1
B0018725,4
B0004811,5
B0021938,4
B0011668,5
B0013356,1
B0018845,4
B0010100,5
B0016546,2
B0013574,2
B0001086,4
B0021334,5
B0008610,3
B0004867,5
B0009676,2
B0004116,5
B0002460,5
B0022137,4
B0019971,5
B0014232,4
B0016032,3
B0019312,2
B0008530,2
B0011651,5
B0000585,5
B0013127,3
B0003690,5
B0006491,2
B0017520,3
B0011475,5
B0008430,2
B0019290,1
B0007065,4
B0010299,1
B0017536,1
B0016567,2
B0021542,1
B0015758,1
B0007292,3
B0004802,1
B0000676,3
B0003717,2
B0009184,5
B0015632,5
B0004994,2
B0019134,3
B0015763,5
B0000802,3
B0013293,1
B0001087,1
B0017299,1
B0014836,5
B0015495,2
B0014701,2
B0002898,1
B0000383,5
B0006968,4
B0012022,5
B0011446,5
B0019668,2
B0017801,4
B0019586,4
B0005815,4
B0020089,2
B0018033,4
B0007862,5
B0010006,5
B0007248,4
B0019750,1
B0022253,5
B0021093,2
B0022474,3
B0009805,4
B0022259,1
B0017055,2
B0002390,2
B0002213,3
B0000162,3
B0021645,5
B0014795,4
B0005580,1
B0005221,2
B0015093,3
B0019421,2
B0004550,3
B0018619,4
B0021711,4
B0000537,4
B0003826,1
B0018407,1
B0011433,2
B0010407,3
B0013626,5
B0013951,2
B0004371,3
B0010076,2
B0015819,4
B0001275,5
B0006644,2
B0007449,4
B0007472,2
B0019720,1
B0000759,1
B0010934,4
B0014419,4
B0012640,1
B0019466,2
B0009305,1
B0022006,1
B0018691,4
B0014621,4
B0006569,1
B0018410,5
B0007182,2
B0012215,3
B0002511,3
B0000661,4
B0016373,5
B0017247,3
B0014330,1
B0003685,1
B0011221,4
B0002652,2
B0003715,4
B0007853,3
B0010426,2
B0005582,1
B0017095,4
B0018678,4
B0020158,5
B0000358,1
B0022317,2
B0004496,3
B0020668,4
B0009536,1
B0010184,3
B0003337,3
B0017716,3
B0001685,2
B0015777,4
B0011173,4
B0016605,3
B0021005,4
B0006050,2
B0005506,5
B0016413,4
B0020696,4
B0012623,2
B0003456,1
B0015304,1
B0008816,2
B0012164,4
B0019836,1
B0020627,3
B0003950,1
B0022330,3
B0016540,2
B0017544,1
B0012005,1
B0005043,5
B0016308,4
B0021123,4
B0018266,3
B0003245,2
B0004773,1
B0011052,3
B0016910,2
B0013966,2
B0021362,4
B0000347,3
B0006171,2
B0020141,2
B0013136,3
B0013703,4
B0012029,4
B0004858,5
B0010817,3
B0003084,5
B0008405,2
B0017381,1
B0012634,2
B0000547,1
B0017228,2
B0016443,5
B0004586,1
B0000897,5
B0006233,3
B0014977,1
B0014072,3
B0006591,4
B0002346,4
B0000669,5
B0013133,3
B0018364,5
B0003700,4
B0021831,5
B0012501,1
B0014780,5
B0014257,2
B0014144,5
B0011009,4
B0006805,4
B0015462,3
B0015663,1
B0006656,5
B0000237,4
B0013719,4
B0003075,5
B0019155,5
B0003505,3
B0006743,4
B0010663,5
B0019164,4
B0018489,4
B0010177,1
B0016905,1
B0012243,3
B0008512,5
B0017465,3
B0008304,3
B0021495,1
B0020002,1
B0017511,1
B0010856,5
B0013816,5
B0006732,1
B0012496,3
B0009205,1
B0007354,2
B0011644,2
B0017582,4
B0000922,4
B0012041,5
B0009520,4
B0010499,3
B0002848,1
B0021886,2
B0004323,4
B0003621,5
B0019015,3
B0001400,4
B0000510,4
B0020349,2
B0000284,2
B0013102,3
B0005191,2
B0004118,1
B0020936,1
B0003077,4
B0001049,2
B0012147,4
B0010776,3
B0012518,2
B0004221,4
B0012907,1
B0000898,2
B0014873,5
B0008850,5
B0003905,5
B0019781,4
B0010214,5
B0007627,1
B0013405,5
B0009565,1
B0006986,4
B0005340,5
B0011095,4
B0020025,1
B0001793,5
B0011792,5
B0005490,3
B0005351,3
B0013578,3
B0006033,1
B0019458,1
B0018492,3
B0018212,1
B0001230,4
B0009229,3
B0009272,4
B0014824,3
B0003022,5
B0018258,2
B0007582,1
B0005316,1
B0007024,3
B0018495,4
B0017685,1
B0000414,3
B0011323,4
B0018353,4
B0018930,1
B0003297,5
B0009491,1
B0004270,4
B0014561,4
B0022360,5
B0007497,1
B0003033,2
B0004262,4
B0006265,3
B0016829,3
B0017275,2
B0021291,3
B0002007,1
B0018513,5
B0006654,1
B0010431,2
B0007172,3
B0001386,4
B0008528,5
B0010329,4
B0021202,4
B0011200,2
B0000621,5
B0021374,5
B0016049,1
B0003243,4
B0015681,1
B0004309,1
B0002983,5
B0012807,5
B0002992,5
B0014298,4
B0008470,5
B0009774,1
B0019173,4
B0013930,2
B0006849,2
B0004016,1
B0006218,5
B0016878,3
B0017098,1
B0010777,3
B0010977,3
B0015523,4
B0008501,3
B0017951,5
B0019122,3
B0008414,4
B0021399,5
B0017712,1
B0013113,2
B0000813,5
B0015305,4
B0016276,3
B0000281,2
B0021755,5
B0013892,3
B0004695,3
B0021511,1
B0007106,4
B0002718,1
B0013914,2
B0002532,5
B0013302,3
B0001462,2
B0001962,3
B0017855,5
B0018731,4
B0012886,4
B0009960,2
B0015794,5
B0003704,4
B0015573,3
B0002310,2
B0006060,3
B0019388,2
B0010532,3
B0001903,3
B0018838,3
B0018235,2
B0021874,3
B0018130,2
B0002923,4
B0007322,4
B0016927,5
B0016725,2
B0007555,1
B0009480,2
B0017008,5
B0003049,3
B0009168,3
B0016934,1
B0016103,3
B0003623,3
B0009234,3
B0018337,5
B0004598,4
B0014252,4
B0020916,5
B0012051,1
B0006548,2
B0010870,2
B0001922,2
B0008171,3
B0001501,2
B0011392,1
B0010140,5
B0004412,1
B0010945,5
B0015915,5
B0005851,4
B0020589,5
B0011426,2
B0005053,3
B0011806,4
B0013918,1
B0001174,1
B0000165,3
B0006515,4
B0002239,3
B0015830,3
B0015208,4
B0017060,4
B0005450,2
B0021940,3
B0022129,5
B0000634,1
B0008717,2
B0006359,3
B0004196,2
B0018113,1
B0006587,5
B0002094,5
B0005405,2
B0010743,3
B0014015,1
B0016634,5
B0018382,3
B0020703,4
B0001981,2
B0019670,3
B0018272,1
B0014400,5
B0010660,4
B0014229,1
B0000884,3
B0020121,4
B0013195,3
B0007499,5
B0020364,4
B0000644,3
B0017540,1
B0001714,2
B0009322,3
B0008284,3
B0002812,5
B0001605,4
B0004565,4
B0012457,3
B0000811,3
B0020842,1
B0018533,3
B0000916,5
B0006319,2
B0004686,3
B0010910,3
B0008695,1
B0011496,5
B0021605,1
B0014963,1
B0013158,3
B0004159,3
B0013152,2
B0002579,4
B0013117,5
B0017131,2
B0011330,4
B0010147,1
B0022415,2
B0013558,4
B0015057,3
B0022378,4
B0001393,4
B0020427,5
B0007478,4
B0014886,4
B0014024,3
B0007328,1
B0007274,2
B0005896,4
B0015076,2
B0006660,4
B0005454,5
B0003314,4
B0002752,1
B0002968,2
B0004302,3
B0022457,1
B0016428,2
B0001398,3
B0014737,3
B0019053,3
B0013401,1
B0010883,1
B0006756,1
B0015764,3
B0002343,2
B0012075,5
B0014123,2
B0021998,1
B0011787,4
B0016994,3
B0020654,3
B0009436,3
B0006432,4
B0018339,1
B0014502,2
B0007716,1
B0009744,1
B0014431,5
B0003064,2
B0021164,1
B0017194,3
B0003101,1
B0020142,5
B0005676,1
B0015314,5
B0022257,4
B0000149,2
B0011746,3
B0012948,3
B0004102,4
B0009402,5
B0012743,3
B0015650,4
B0021379,4
B0009694,4
B0012737,4
B0001164,4
B0012861,1
B0011804,4
B0010768,2
B0005328,2
B0001155,5
B0021523,5
B0021040,2
B0002910,1
B0002298,4
B0009319,2
B0009348,1
B0012275,3
B0021951,4
B0006374,2
B0002888,5
B0011254,1
B0003066,2
B0016995,4
B0014076,3
B0018297,5
B0017097,2
B0017986,4
B0003485,3
B0020596,4
B0012472,5
B0009743,2
B0000689,5
B0012308,5
B0005431,5
B0020399,3
B0003606,1
B0016451,2
B0000940,2
B0017723,3
B0004046,3
B0011952,2
B0020626,2
B0005453,5
B0013032,5
B0003612,1
B0006279,5
B0013501,5
B0017365,5
B0004037,1
B0002838,5
B0014027,1
B0020738,1
B0000907,5
B0007537,1
B0003102,4
B0006540,3
B0011490,4
B0018693,1
B0011162,2
B0017621,5
B0004313,1
B0012760,1
B0014625,5
B0002288,1
B0012608,2
B0016954,2
B0001460,1
B0014896,3
B0015497,3
B0020401,3
B0000230,3
B0000315,2
B0017227,2
B0013484,4
B0013990,5
B0005960,2
B0003352,4
B0020700,5
B0021882,4
B0021661,2
B0005764,3
B0010814,3
B0011834,1
B0007991,4
B0008419,5
B0007766,5
B0002180,5
B0018188,3
B0010449,3
B0000839,5
B0009950,2
B0020478,1
B0005253,5
B0004343,3
B0001898,5
B0013172,2
B0011266,1
B0002385,2
B0013186,3
B0013730,3
B0000109,1
B0015732,1
B0006813,1
B0009295,4
B0002606,4
B0009910,4
B0004897,2
B0008581,2
B0016667,3
B0003281,5
B0021311,1
B0016892,4
B0018013,1
B0016914,1
B0000202,2
B0005983,5
B0017058,3
B0006808,5
B0001533,5
B0014329,2
B0015906,5
B0006861,1
B0020542,2
B0011182,3
B0009634,5
B0009561,4
B0005636,2
B0019997,4
B0020420,3
B0003734,5
B0018891,3
B0007879,4
B0013004,3
B0010215,3
B0020812,4
B0009339,2
B0016683,4
B0016770,1
B0014973,4
B0011541,1
B0016548,2
B0011418,5
B0009041,1
B0022068,3
B0022331,3
B0007468,4
B0010629,5
B0004226,3
B0003257,4
B0006197,5
B0017889,3
B0003124,2
B0005039,3
B0003934,2
B0013167,3
B0021467,3
B0007638,5
B0016432,3
B0019637,4
B0012228,4
B0009594,3
B0012157,1
B0020373,2
B0017495,3
B0004090,2
B0019712,1
B0013744,5
B0010695,1
B0012170,1
B0002737,5
B0020504,2
B0005415,1
B0017856,5
B0011110,4
B0010152,5
B0021888,3
B0013532,3
B0018602,4
B0006285,4
B0012370,1
B0000745,2
B0015989,1
B0004355,3
B0005243,2
B0013842,2
B0013449,2
B0013618,4
B0010330,5
B0016686,1
B0020920,5
B0005456,5
B0013179,2
B0016208,4
B0003535,4
B0014361,4
B0009257,5
B0011825,3
B0001723,1
B0001504,2
B0004871,5
B0013443,3
B0015725,5
B0005733,4
B0022144,5
B0002882,4
B0000517,1
B0016783,5
B0002170,3
B0006981,2
B0004981,4
B0018112,5
B0021050,1
B0021105,5
B0015465,5
B0005497,5
B0007601,1
B0016116,4
B0007908,2
B0001269,3
B0015391,4
B0011012,3
B0019853,2
B0011552,4
B0011074,4
B0012697,5
B0012417,2
B0013531,1
B0000641,3
B0018968,1
B0003486,4
B0006874,5
B0020238,5
B0016073,5
B0000072,4
B0014073,1
B0005975,4
B0020303,4
B0018475,5
B0010808,3
B0022312,4
B0014933,4
B0016129,3
B0015454,4
B0019651,1
B0003931,5
B0016407,3
B0012363,2
B0005846,3
B0018370,2
B0020879,5
B0020719,2
B0016392,4
B0019475,4
B0017680,3
B0004000,5
B0021420,3
B0007563,3
B0011045,5
B0007250,1
B0007958,2
B0010005,5
B0008496,4
B0004738,1
B0007565,4
B0009119,2
B0022276,4
B0010779,2
B0005979,1
B0019627,1
B0012321,3
B0012783,4
B0015609,5
B0005903,2
B0007952,3
B0020863,4
B0011671,5
B0005739,5
B0009470,5
B0016372,2
B0012663,1
B0005280,5
B0018688,5
B0002889,4
B0008137,5
B0003622,3
B0000467,2
B0005740,2
B0002570,2
B0002395,4
B0001487,4
B0014872,1
B0019748,2
B0020246,3
B0014266,2
B0003076,1
B0015795,3
B0017574,5
B0002381,2
B0012614,2
B0009320,5
B0018925,5
B0021809,2
B0003599,5
B0021032,4
B0018257,1
B0000142,3
B0012721,3
B0000323,5
B0009928,4
B0012274,1
B0017138,3
B0006967,4
B0018399,3
B0002322,3
B0008403,1
B0017988,2
B0020222,5
B0000372,1
B0011172,2
B0002719,4
B0021588,4
B0017522,5
B0007718,1
B0004845,2
B0014960,2
B0021774,3
B0015013,1
B0014407,1
B0007358,3
B0001609,2
B0017713,3
B0002874,3
B0007979,2
B0005603,1
B0011100,5
B0021985,3
B0009922,5
B0015852,3
B0016529,2
B0002174,3
B0017002,1
B0017768,4
B0004924,4
B0011674,3
B0003390,1
B0018210,2
B0005194,5
B0014953,3
B0014322,5
B0021701,4
B0018174,4
B0015312,5
B0012453,4
B0000197,4
B0001975,1
B0014288,2
B0015259,4
B0006193,2
B0015492,3
B0015333,5
B0004691,4
B0017291,4
B0018996,5
B0021986,2
B0020330,5
B0009994,5
B0014792,1
B0005204,4
B0017417,5
B0012549,2
B0013359,3
B0009494,3
B0000359,5
B0002355,1
B0021649,5
B0011652,1
B0022053,4
B0007189,4
B0019369,5
B0016075,2
B0018389,3
B0018615,1
B0014186,3
B0010642,4
B0001851,2
B0015003,3
B0014931,2
B0019752,4
B0016613,1
B0012486,4
B0017282,3
B0002095,5
B0013808,2
B0019683,5
B0013427,5
B0019846,3
B0004230,5
B0014626,4
B0008165,4
B0004166,3
B0019481,3
B0020225,3
B0020366,3
B0006161,3
B0017324,5
B0010453,3
B0010688,2
B0020271,1
B0003398,3
B0000079,3
B0013399,5
B0017383,5
B0010278,3
B0000591,3
B0015033,2
B0002117,4
B0000434,2
B0014151,1
B0008612,5
B0000817,3
B0021726,4
B0019782,5
B0003766,2
B0019726,4
B0014557,2
B0005432,1
B0001024,4
B0008271,4
B0013491,3
B0019363,4
B0001481,2
B0001273,3
B0021792,1
B0017509,4
B0010601,2
B0013989,2
B0019830,2
B0014126,3
B0017209,5
B0010901,5
B0000144,3
B0001798,5
B0004953,3
B0007457,5
B0012627,1
B0022305,5
B0021364,5
B0010131,1
B0002411,4
B0016023,5
B0012354,5
B0001159,3
B0014553,3
B0013487,4
B0006801,1
B0010609,1
B0018139,2
B0008068,3
B0011682,5
B0016863,4
B0003777,5
B0016219,1
B0018634,4
B0011427,4
B0003435,3
B0019887,2
B0009981,1
B0019892,5
B0007550,3
B0019954,2
B0002620,3
B0001539,1
B0012460,5
B0010674,5
B0002515,2
B0012262,4
B0006072,5
B0014749,1
B0011460,1
B0008389,1
B0011072,4
B0003890,2
B0001182,5
B0002016,1
B0002243,2
B0011901,4
B0002935,4
B0012700,5
B0000524,3
B0021556,1
B0004477,1
B0018890,1
B0000341,3
B0015046,2
B0010176,1
B0019777,5
B0005967,3
B0010250,3
B0013072,5
B0011219,1
B0006559,3
B0018986,5
B0013877,3
B0003344,1
B0018218,3
B0007011,1
B0020236,1
B0001705,4
B0007271,2
B0018440,2
B0012696,3
B0012715,1
B0010399,1
B0020551,4
B0003566,2
B0014268,5
B0009979,4
B0014142,2
B0019606,2
B0009217,2
B0016004,3
B0013758,3
B0004007,4
B0009266,5
B0007791,5
B0016511,1
B0008047,5
B0008967,4
B0015325,1
B0020232,2
B0007184,3
B0000262,2
B0015826,1
B0006687,5
B0012548,2
B0013986,1
B0006653,5
B0002945,2
B0009940,4
B0007130,2
B0009347,2
B0011727,5
B0020432,5
B0010611,4
B0014316,4
B0007159,1
B0015432,3
B0021003,3
B0010437,1
B0009413,5
B0016471,3
B0020498,2
B0014328,3
B0013138,2
B0021442,3
B0017567,3
B0007057,3
B0001519,2
B0009862,1
B0021476,2
B0004280,2
B0008579,3
B0018554,4
B0003744,2
B0008356,3
B0015937,4
B0020133,2
B0010244,3
B0018587,2
B0013957,1
B0016643,1
B0019497,2
B0021042,2
B0013052,2
B0008608,5
B0000228,3
B0003434,1
B0001805,5
B0000953,4
B0005566,5
B0017447,5
B0002171,2
B0020176,2
B0004648,1
B0018701,4
B0016730,5
B0014986,2
B0001156,4
B0003318,3
B0012722,4
B0016101,2
B0015036,2
B0013165,2
B0017208,2
B0005173,4
B0009729,1
B0005509,4
B0002293,1
B0002376,1
B0019661,5
B0010091,5
B0019217,4
B0008995,5
B0019822,2
B0020918,4
B0004033,5
B0010596,4
B0015954,1
B0006391,4
B0020263,3
B0015810,3
B0014964,4
B0020716,2
B0009693,5
B0021436,3
B0019988,2
B0009596,1
B0014968,2
B0018919,4
B0012060,2
B0016055,5
B0006066,2
B0009956,2
B0021926,1
B0012840,4
B0006684,4
B0019083,5
B0011702,3
B0017694,1
B0019480,3
B0009691,4
B0021863,3
B0013159,5
B0009599,2
B0004044,1
B0021185,2
B0022366,2
B0002709,4
B0006759,4
B0013145,3
B0011154,3
B0005775,4
B0013141,1
B0001649,2
B0018962,3
B0003984,1
B0007688,3
B0018428,3
B0005759,1
B0012139,3
B0017189,5
B0012503,3
B0017672,4
B0018062,3
B0007137,3
B0012223,4
B0009236,4
B0004385,5
B0000912,5
B0006463,5
B0021785,4
B0003195,4
B0003849,5
B0005345,2
B0020067,5
B0010094,2
B0015744,1
B0016949,3
B0021115,1
B0008752,2
B0020640,5
B0004840,5
B0014317,4
B0003105,2
B0017223,1
B0007223,2
B0017566,1
B0008360,1
B0004803,2
B0007040,4
B0016391,2
B0019128,2
B0000681,3
B0000667,4
B0020865,1
B0022048,2
B0012396,2
B0016827,5
B0020425,4
B0010398,5
B0013919,1
B0017916,2
B0007483,3
B0013424,4
B0000854,3
B0006736,1
B0013410,3
B0022141,3
B0004991,2
B0017805,1
B0006223,3
B0013115,5
B0013128,1
B0001768,2
B0013630,1
B0018248,5
B0020960,4
B0002054,1
B0020761,2
B0003348,5
B0016729,2
B0018441,3
B0004113,1
B0007855,4
B0010492,5
B0018815,1
B0005672,5
B0019514,2
B0018743,1
B0002450,5
B0004066,2
B0021398,5
B0009944,2
B0016794,1
B0022231,5
B0016377,2
B0014205,2
B0007291,2
B0002757,1
B0014441,2
B0015210,4
B0003403,5
B0014420,5
B0015683,3
B0000481,2
B0000780,1
B0021393,4
B0015752,3
B0014665,4
B0013992,3
B0022470,3
B0009115,4
B0003831,3
B0012188,1
B0003108,2
B0017323,4
B0005501,4
B0018755,4
B0002224,5
B0008730,4
B0018955,2
B0001161,4
B0013301,4
B0012582,2
B0016109,1
B0002750,2
B0017991,3
B0016922,3
B0016304,4
B0011771,2
B0004918,5
B0007392,3
B0009496,3
B0006553,1
B0012214,4
B0004825,2
B0010020,5
B0018409,3
B0018068,4
B0020797,1
B0020419,2
B0014312,5
B0018205,4
B0004968,2
B0011320,3
B0010723,3
B0002138,4
B0011672,1
B0016660,5
B0013707,4
B0002146,4
B0017405,3
B0019181,3
B0019212,3
B0003136,1
B0018713,3
B0015286,1
B0003915,4
B0020096,5
B0019766,5
B0002481,3
B0003368,1
B0017250,4
B0003130,1
B0013010,3
B0011733,5
B0006456,4
B0014415,1
B0011848,2
B0015479,2
B0018993,2
B0002024,3
B0007954,2
B0014652,2
B0001019,4
B0007701,2
B0003874,4
B0014439,2
B0017479,3
B0019112,5
B0015108,1
B0013536,1
B0015991,3
B0018281,3
B0006007,2
B0011123,1
B0019221,2
B0019114,2
B0016805,5
B0010758,2
B0001710,2
B0002601,3
B0019183,2
B0004652,1
B0007128,3
B0004605,1
B0007206,4
B0014607,5
B0022275,3
B0014497,2
B0010074,3
B0012780,1
B0016806,2
B0011119,5
B0005890,4
B0002604,2
B0011322,2
B0005938,1
B0002240,1
B0022319,2
B0006085,1
B0000831,3
B0018928,5
B0011592,3
B0007672,1
B0016104,2
B0014445,5
B0005359,5
B0006191,1
B0006733,2
B0012443,3
B0001349,5
B0021338,2
B0001311,5
B0018511,1
B0012346,3
B0016246,5
B0015486,3
B0003496,1
B0000690,2
B0000168,2
B0014078,4
B0002827,4
B0008433,4
B0022498,2
B0014639,2
B0021987,1
B0012311,3
B0000866,2
B0004653,2
B0007072,5
B0016964,4
B0003231,3
B0008348,4
B0009847,5
B0006384,2
B0009363,1
B0012598,2
B0010753,4
B0008402,1
B0011638,3
B0006679,1
B0006274,3
B0004039,3
B0022294,2
B0018944,4
B0012404,1
B0014985,1
B0000458,5
B0009879,5
B0019280,4
B0017549,3
B0019527,3
B0009876,1
B0001999,2
B0000823,1
B0006263,4
B0002373,5
B0018057,3
B0011740,4
B0022160,4
B0001486,4
B0005595,5
B0000538,3
B0005001,1
B0009270,5
B0004880,1
B0016795,4
B0005593,1
B0006651,2
B0008008,4
B0013065,4
B0015871,5
B0015273,2
B0009148,5
B0014446,4
B0018019,4
B0021150,1
B0021615,2
B0004578,4
B0001018,4
B0017428,5
B0017973,5
B0011539,3
B0010672,1
B0006206,5
B0019366,5
B0005281,4
B0010464,3
B0011242,5
B0009238,5
B0009136,2
B0002565,5
B0017915,2
B0018306,3
B0000840,5
B0019864,4
B0010440,4
B0012004,1
B0022468,1
B0001707,5
B0002529,2
B0020293,4
B0003620,2
B0006336,2
B0015665,4
B0004734,4
B0017149,3
B0021358,2
B0013988,2
B0001335,1
B0010632,4
B0020711,1
B0005226,3
B0000610,3
B0013207,5
B0003490,4
B0003916,3
B0002624,3
B0020049,2
B0016326,2
B0018284,2
B0018261,1
B0016335,3
B0005540,4
B0009281,5
B0006757,2
B0017025,4
B0012132,2
B0005478,1
B0010951,4
B0009410,5
B0008363,5
B0004533,2
B0020965,2
B0017937,5
B0015194,4
B0008010,5
B0015339,1
B0018999,1
B0012507,4
B0012946,3
B0015932,1
B0011931,4
B0002195,5
B0013493,3
B0008974,5
B0019885,4
B0003317,2
B0012099,1
B0002345,5
B0019704,1
B0012793,2
B0019567,1
B0002256,1
B0020485,2
B0007121,2
B0013981,3
B0014556,4
B0003816,3
B0000720,1
