candidate,family,rmse,rmse_std,mae,r2,nonzero,train_rmse
ablation:access,domain,182.25542432324912,3.250689318539347,145.8744496857541,0.9657268145801327,11.0,181.7804272315578
ablation:location,domain,160.06396771546483,2.4297543111114592,127.41879225679561,0.9735625346600989,12.0,159.67806711066925
ablation:location+access+quality,domain,155.6711950576643,2.137435339574468,124.28727133470939,0.9749983262150893,15.0,155.23471238608138
ablation:quality,domain,185.0205832665751,3.4348325640852355,147.69339303704072,0.9646676612941348,12.0,184.5082800422507
ablation:space,domain,185.4778244805279,3.436540642701477,148.0626817842096,0.964494067557566,11.0,184.99882200434405
ablation:space+access+quality,domain,181.76516681778162,3.2563240772256536,145.4513617169421,0.9659089916391774,14.0,181.23573498344987
ablation:space+location+access,domain,155.98736745793008,2.121751764742355,124.60058128828493,0.9748964264534712,14.0,155.5774217863897
ablation:space+location+access+quality,domain,155.5884215592159,2.1302669557127962,124.30579845880675,0.9750242443473158,16.0,155.14376060890274
ablation:space+location+quality,domain,159.59524975150526,2.455801126377929,127.06723323564158,0.9737163167252797,15.0,159.16963198533878
dimension:pcr:1,pcr,790.8327205235425,24.70191479861487,658.4442546564657,0.35588033936565017,10.0,789.0684349062618
dimension:pcr:10,pcr,185.48958140664664,3.418460422411494,148.0783751076935,0.9644898230009579,10.0,185.01953860463726
dimension:pcr:2,pcr,410.2542395216378,9.81325693084705,330.23502944919204,0.8263580823309884,10.0,410.0110014617454
dimension:pcr:3,pcr,354.12339957554406,2.463850140267518,282.443268280521,0.8706618143114632,10.0,353.96274310417954
dimension:pcr:4,pcr,325.56311003010296,4.143494138002313,259.98130138925717,0.8905823568934286,10.0,325.40304174682524
dimension:pcr:5,pcr,273.38769892860944,4.6795516838067,218.05874445170792,0.9227890027996979,10.0,273.2427426280617
dimension:pcr:6,pcr,264.4248939626444,4.9266648956498855,211.14034147141106,0.9277485362103477,10.0,264.20557997151053
dimension:pcr:7,pcr,262.53717789760486,4.596534535805472,209.71231272452889,0.9287881805660236,10.0,262.2465333360609
dimension:pcr:8,pcr,262.3784169443472,4.5569125025105714,209.6665893557003,0.9288763527046846,10.0,262.10363709066496
dimension:pcr:9,pcr,262.1493617530433,4.290159626998537,209.64021850575196,0.9290038758319172,10.0,261.7592037023981
dimension:pls:1,pls,310.35650705436666,8.584453972225681,246.23348226481204,0.9004053451371157,10.0,310.13896847028263
dimension:pls:10,pls,185.48794101291838,3.4232545354204102,148.0813467743218,0.9644904444359005,10.0,185.0194337315974
dimension:pls:2,pls,258.14560434595114,4.41859587276961,205.7318838243139,0.9311466659237825,10.0,257.9171127440345
dimension:pls:3,pls,229.56915479275912,2.876357718070254,183.3844610250564,0.9455744751732624,10.0,229.2050068311211
dimension:pls:4,pls,210.3086492598985,2.887556700711456,168.71771582227137,0.9543134842289669,10.0,209.77412432459596
dimension:pls:5,pls,188.03786435407946,3.068386504730937,150.0687942264173,0.9635071143848482,10.0,187.50877976679584
dimension:pls:6,pls,185.99829100540285,3.173737306563116,148.40168992474415,0.9642988409020756,10.0,185.49969597075375
dimension:pls:7,pls,185.53147669353766,3.515117012021146,148.10009559777944,0.9644742029394932,10.0,185.0548707411936
dimension:pls:8,pls,185.4920710546152,3.4241454861855374,148.09601030685417,0.9644887375884703,10.0,185.02225354388779
dimension:pls:9,pls,185.48797077423933,3.4237826222542385,148.0803252626634,0.9644904563200953,10.0,185.0194695002308
domain:elastic,domain,155.58801736132145,2.1294230120856357,124.30775342716348,0.9750243636441743,16.0,155.1439681310857
domain:lasso,domain,155.59064811775153,2.1331696374275797,124.30809117487289,0.9750235214029193,15.8,155.14694645144317
domain:ols,domain,155.58839266561895,2.1303749173366406,124.30473714580796,0.9750242549532164,16.0,155.14374880275622
domain:ridge,domain,155.5884215592159,2.1302669557127962,124.30579845880675,0.9750242443473158,16.0,155.14376060890274
encoded:elastic,encoded,179.4105907801351,3.277622885276802,142.5957373106424,0.966790404527395,14.2,178.64919355895762
encoded:lasso,encoded,179.42290922456152,3.2969557454272342,142.60625014848563,0.96678601587985,14.2,178.64816491286476
encoded:ols,encoded,179.41734093285567,3.2922197010394605,142.6037927931774,0.9667880399782833,14.2,178.64795441666638
encoded:ridge,encoded,179.41673524739733,3.287907244430278,142.60254156644544,0.9667882489038282,14.2,178.64806170284666
mean:mean,mean,986.0385478973074,25.83459695873494,810.6266706998844,-0.001550994814446449,0.0,986.0037642384628
pcr:ols,pcr,185.48794101291838,3.4232545354204023,148.08134677432176,0.9644904444359005,10.0,185.0194337315974
pcr:ridge,pcr,185.48958140502617,3.418460420358294,148.07837510710505,0.9644898230015706,10.0,185.01953860463726
pls:pls,pls,185.50009147412433,3.410421946911823,148.09610110099464,0.9644857290099729,10.0,185.0201019202966
quadratic:elastic,quadratic,129.86091460859436,3.9658815123629343,103.365211338921,0.9825991912338056,64.0,128.25458486068243
quadratic:lasso,quadratic,129.5910269277487,4.046844985066496,103.19475385349983,0.9826711019109435,36.6,128.6130299375082
quadratic:ols,quadratic,129.8650234299932,3.9321828171228055,103.37488148719879,0.9825984192046157,64.0,128.24641503781467
quadratic:ridge,quadratic,129.86159245903912,3.950112603259166,103.37187123683961,0.9825991501580196,64.0,128.24733787652693
raw:elastic,raw,185.49069716581624,3.412422139724361,148.07176520504845,0.964489369979108,10.0,185.02018746488523
raw:lasso,raw,185.4968805274914,3.427609661384544,148.08894579613724,0.9644872061609805,10.0,185.01973945751462
raw:ols,raw,185.48794101291838,3.423254535420428,148.0813467743218,0.9644904444359005,10.0,185.0194337315974
raw:ridge,raw,185.48958140502617,3.4184604203583384,148.0783751071051,0.9644898230015706,10.0,185.01953860463726
spline:elastic,spline,129.04571461683975,3.1243134742461813,102.70795386775812,0.9828158183571318,36.6,128.16830967879568
spline:lasso,spline,128.9397712499803,3.0375773463214055,102.62218451127805,0.9828462240066953,36.4,128.15166309838656
spline:ols,spline,129.0404775232193,3.0827844695944733,102.71101533719529,0.982817193851693,36.6,128.16414431619438
spline:ridge,spline,129.04608101660725,3.1002798042785633,102.71206065344597,0.9828157251724704,36.6,128.16488337388546
