x,y
0.82186814566789,1.175654085377246
-0.18336468074384316,1.1960075929301746
1.0757937597341476,2.3360973699409575
0.5921040871780918,1.7095728624596689
-1.2174679563370514,-2.5494589366293052
1.426867054910268,5.21732807085229
0.7834191059710589,1.8377661953328404
0.8581929158308617,1.4938708225001174
-1.1156591019733624,0.07174405873288148
-0.1488421863132987,1.381805251789427
-0.3876059273022563,0.6024124893559994
1.2802949665458057,2.6439252461134286
0.43159536024199374,1.930255844877029
0.9682848398124899,2.9337850420697
-0.16975740351800672,1.1254015102079877
-0.8182838346456693,0.9195578832455577
0.1637543610475043,1.9514373926876365
-1.3085482316874741,-5.462378411847485
0.9828935159777461,0.9041894025725232
0.3949931973661944,1.1304126159017478
0.7742632202561213,0.6164969009179067
-0.436422095610395,1.6261792465798384
1.4120940731847096,5.203225912469492
1.1793633639665932,3.0943091453637424
0.8351504912212855,2.2098061002457086
-0.9160838764440973,0.8024364663312817
-0.09983698881889747,1.671191911382822
-1.3685887026383137,-7.708679908760578
-1.0371315237973566,-0.28897662563999155
0.5491468597273639,-0.03897983470960553
0.7342864677234515,-0.12389716356272173
1.4025291973026301,4.4979979903532925
-0.5225239255855442,1.4122896285463933
-0.38862088189539334,2.315834386739015
-0.09133256617257635,0.08127193084954176
-0.9315859227471429,0.6536003383653792
-1.110235483993585,-1.4737021841880045
-0.07288522132219866,0.8507928271862676
-0.8192719528473477,2.0244040748137997
0.5094419840475313,1.0488991310026892
-0.1885442433830078,2.369145780359254
0.9980345881735122,1.5669892543855841
0.6007953060067472,0.11532711043752741
-0.5629000758538768,1.5034565048067712
0.9967794041856033,1.8786130864727033
0.9142930724904055,1.479743491030432
-0.33756486290947674,0.653697666662141
-0.6350156882092677,1.7191781488605646
0.5474865119249266,0.8172849203228122
-1.0807425491720706,1.2899159403093776
-0.900275392574675,2.3276254929267868
-1.4779131907469836,-10.112695761449288
0.8607731325064152,0.9288163785387569
0.4945525697760964,-0.5565119851525316
0.6154961358790052,0.21300235636470033
0.8421870930659034,1.3561899867503369
-0.12325267338498014,2.158491503846897
0.20622358785868133,0.1540858899701122
-1.0806090056170277,-1.2458188142364686
-1.1564097793920798,-3.4448282946208595
0.505208885371415,0.48696630722415735
-0.08671138157060243,0.28505316869219055
0.19570831944356648,0.32440158335829783
0.7949965722480767,0.2783459693812056
0.4041549600017724,0.5381905494215531
0.16073820197398758,-0.6205015464902544
0.17762148223624052,-0.4066348166040221
-0.5881497058121634,3.3798743306645322
-1.407546496296182,-8.195376638925133
-0.1898478323029129,0.4238872216475612
-0.8562459815414124,2.5300631994982457
-0.27441406882609165,3.7566617892352547
1.0602092198044986,1.078978092720348
-0.7981815424039778,1.0066412674532415
-1.325091774932802,-4.691636064963715
-0.6558483239340104,3.008016156040793
-0.6192187266999492,0.8701585845021852
0.48574954418068517,0.4161218430269476
0.17109645702383514,1.3959898235981552
0.8516946273192403,1.4792054003034734
0.4929406209821625,0.3129381916265076
-0.28083941567978843,1.3350359047134897
0.9420611539981039,0.3452030081421036
-0.9990812402768883,-0.08246774371649293
-1.4318637805984187,-8.118435805638562
-1.2298564176730746,-2.7643687205018725
0.6670780517893506,0.30031672702518747
-0.11436830924583785,1.556686172510783
-1.0161846628991946,0.7633997262633395
0.003134325310090613,1.119649882545663
-1.0430636918604947,-0.02895839693281721
0.5889611252332081,0.7047718621953127
-0.1615311732779079,1.25580486488121
-0.35693632171055256,0.9686569017546646
-0.5954637325563704,1.9266745807199643
0.39084777935666537,0.5390213707069317
-0.41456216833982884,3.28471737623979
-1.237050242051697,-1.8258483127080658
-1.145982293638454,-1.2654634770255486
1.3856929936485436,4.362333363164683
1.225742072122821,2.3252217586815034
0.5991214014322486,1.6235497592262753
-0.7023901156214413,1.765297523327129
1.4075291320431718,5.654025843307738
0.8362527118973837,-0.3087669874349872
0.650670567476987,1.4657245508188563
-0.15191549356863399,1.6037266524459046
-0.6832753144645229,0.6992477339420008
-1.2108271135395021,-2.984755636990558
1.207807189631525,3.2693612467678643
-0.1326711304991668,1.251017464450696
-0.892909905614309,0.6349904265927577
-0.5821301275480425,1.5957257337582935
0.2376587068256879,0.5062523008225174
-0.9696816511823049,0.47411286027617805
1.0698428522771266,3.2493275484309354
0.7755585895056303,-1.118284184603566
0.6583888678528105,0.5438376321976877
-0.20372088067468885,1.4646694172741694
0.3819265221073296,0.8562757956411713
0.2522939067382066,0.39771284540481866
0.4495398046644601,-0.7965689905151555
-1.2466670365803327,-3.0061557820207447
-0.2525777934881712,2.7816195001113475
-1.3751574784143226,-7.473192481704419
-0.01802754226644332,1.7183542476922113
-0.5104163630016441,1.4131260114625437
-1.0664274334018593,-0.6096502118256882
-1.189791096832345,-3.092504703088583
0.26293371653313624,0.41900422591213665
-0.9882210943893417,1.241434519350276
1.2753603551303918,4.154231554226209
0.24318341910118502,2.0888427262225036
-0.4593905863954888,2.59032156617934
0.27274647444425026,1.030201786842548
-1.4315883869109074,-6.501552799519358
1.3756776397243362,5.192740393366794
-0.053089689171299304,1.7440330278802472
0.8482056817508585,0.8838655197575771
-1.2518100002326844,-3.315781886062527
-0.04002500748551885,0.503275079718366
-0.02787901693643713,1.834072239387448
1.3134793649249485,3.150850997213192
0.21518415712822625,1.354482998956505
-0.07953179682913847,0.9709939578185338
-0.6990730107243193,2.49812735269058
-0.5052930079723434,2.274744873958893
0.06201720741461347,2.366936993304718
-0.18326561908485983,1.875378926209927
-1.4351637603590088,-9.26675962801064
0.9788757725830735,1.5482074307071887
1.1884823155193,1.9598211693807572
-1.0792527330041677,-1.1213050163344527
0.16210843061714808,1.9931163600678727
-1.1742727765936694,-1.4904015011997191
0.516720279119435,0.06174336697256155
-0.656298648482975,0.8135521187670907
0.4782679040757052,0.6372814248365465
0.6809838428606478,-0.20948939758336815
0.8059424757529712,0.4697067272160883
-1.1767771621323102,-1.7903485708243454
1.2480355354128236,4.34457158237215
-0.8093580273153576,1.7475061461176145
-1.3877623314714607,-8.428156184700333
0.16455740817445008,1.024874815308365
-0.38723314841268364,1.6392003286402501
0.9893692293972394,1.980892251067582
0.9247544161929055,2.6705061036624365
-0.548583321531854,0.03260211909923605
1.358698185209235,4.15320897444816
-0.6272464855796441,2.1262131574919323
0.04517138769514362,-0.3312563809116129
-0.7321047282971918,2.6741081223041867
1.30813071014689,4.328971933209931
-1.0061765472539457,0.7222850360293693
-1.365268141823013,-6.436651732425178
-0.19470881999088618,1.960103216885086
1.477126692167511,7.179206080709166
1.175031798764742,2.9764019600744884
0.7458240583708475,1.0606388446072574
